,Full_Date,Date,Time,Hour,Temp_C,RH,VPD
0,2018-12-01 00:06:16,2018-12-01,00:06:16,0,15.369000000000002,67.332,0.57
1,2018-12-01 00:21:16,2018-12-01,00:21:16,0,15.345,67.692,0.56
2,2018-12-01 00:36:16,2018-12-01,00:36:16,0,15.321,67.87899999999999,0.56
3,2018-12-01 00:51:16,2018-12-01,00:51:16,0,15.297,68.175,0.55
4,2018-12-01 01:06:16,2018-12-01,01:06:16,1,15.321,67.984,0.56
5,2018-12-01 01:21:16,2018-12-01,01:21:16,1,15.369000000000002,67.87,0.56
6,2018-12-01 01:36:16,2018-12-01,01:36:16,1,15.392999999999999,67.84,0.56
7,2018-12-01 01:51:16,2018-12-01,01:51:16,1,15.417,67.888,0.56
8,2018-12-01 02:06:16,2018-12-01,02:06:16,2,15.417,67.783,0.56
9,2018-12-01 02:21:16,2018-12-01,02:21:16,2,15.417,67.679,0.57
10,2018-12-01 02:36:16,2018-12-01,02:36:16,2,15.417,67.757,0.56
11,2018-12-01 02:51:16,2018-12-01,02:51:16,2,15.417,67.914,0.56
12,2018-12-01 03:06:16,2018-12-01,03:06:16,3,15.392999999999999,67.998,0.56
13,2018-12-01 03:21:16,2018-12-01,03:21:16,3,15.417,68.153,0.56
14,2018-12-01 03:36:16,2018-12-01,03:36:16,3,15.417,68.343,0.55
15,2018-12-01 03:51:16,2018-12-01,03:51:16,3,15.392999999999999,68.484,0.55
16,2018-12-01 04:06:16,2018-12-01,04:06:16,4,15.392999999999999,68.735,0.55
17,2018-12-01 04:21:16,2018-12-01,04:21:16,4,15.417,68.759,0.55
18,2018-12-01 04:36:16,2018-12-01,04:36:16,4,15.392999999999999,68.791,0.55
19,2018-12-01 04:51:16,2018-12-01,04:51:16,4,15.392999999999999,69.02,0.54
20,2018-12-01 05:06:16,2018-12-01,05:06:16,5,15.798,68.97800000000001,0.56
21,2018-12-01 05:21:16,2018-12-01,05:21:16,5,16.204,68.01100000000001,0.59
22,2018-12-01 05:36:16,2018-12-01,05:36:16,5,16.204,68.28399999999999,0.58
23,2018-12-01 05:51:16,2018-12-01,05:51:16,5,16.250999999999998,68.331,0.58
24,2018-12-01 06:06:16,2018-12-01,06:06:16,6,16.585,70.464,0.56
25,2018-12-01 06:21:16,2018-12-01,06:21:16,6,20.583000000000002,67.766,0.78
26,2018-12-01 06:36:16,2018-12-01,06:36:16,6,22.613000000000003,58.864,1.13
27,2018-12-01 06:51:16,2018-12-01,06:51:16,6,22.901,56.541000000000004,1.21
28,2018-12-01 07:06:16,2018-12-01,07:06:16,7,23.429000000000002,56.315,1.26
29,2018-12-01 07:21:16,2018-12-01,07:21:16,7,27.609,49.72,1.86
30,2018-12-01 07:36:16,2018-12-01,07:36:16,7,30.375,42.32,2.5
31,2018-12-01 07:51:16,2018-12-01,07:51:16,7,30.805,40.835,2.63
32,2018-12-01 08:06:16,2018-12-01,08:06:16,8,31.186,40.54,2.7
33,2018-12-01 08:21:16,2018-12-01,08:21:16,8,34.264,35.588,3.48
34,2018-12-01 08:36:16,2018-12-01,08:36:16,8,34.554,34.891999999999996,3.57
35,2018-12-01 08:51:16,2018-12-01,08:51:16,8,34.369,34.373000000000005,3.56
36,2018-12-01 09:06:16,2018-12-01,09:06:16,9,34.818000000000005,34.599000000000004,3.64
37,2018-12-01 09:21:16,2018-12-01,09:21:16,9,36.453,34.245,4.0
38,2018-12-01 09:36:16,2018-12-01,09:36:16,9,36.696999999999996,34.705999999999996,4.03
39,2018-12-01 09:51:16,2018-12-01,09:51:16,9,36.751,34.974000000000004,4.02
40,2018-12-01 10:06:16,2018-12-01,10:06:16,10,36.751,35.205999999999996,4.01
41,2018-12-01 10:21:16,2018-12-01,10:21:16,10,36.751,35.875,3.97
42,2018-12-01 10:36:16,2018-12-01,10:36:16,10,36.751,35.891,3.97
43,2018-12-01 10:51:16,2018-12-01,10:51:16,10,36.779,35.735,3.98
44,2018-12-01 11:06:16,2018-12-01,11:06:16,11,36.806,35.611,4.0
45,2018-12-01 11:21:16,2018-12-01,11:21:16,11,36.86,35.589,4.01
46,2018-12-01 11:36:16,2018-12-01,11:36:16,11,36.779,35.492,4.0
47,2018-12-01 11:51:16,2018-12-01,11:51:16,11,36.833,34.977,4.04
48,2018-12-01 12:06:16,2018-12-01,12:06:16,12,36.86,34.978,4.05
49,2018-12-01 12:21:16,2018-12-01,12:21:16,12,36.806,35.12,4.03
50,2018-12-01 12:36:16,2018-12-01,12:36:16,12,36.86,34.986,4.05
51,2018-12-01 12:51:16,2018-12-01,12:51:16,12,36.86,34.89,4.05
52,2018-12-01 13:06:16,2018-12-01,13:06:16,13,36.888000000000005,35.479,4.02
53,2018-12-01 13:21:16,2018-12-01,13:21:16,13,36.833,35.698,4.0
54,2018-12-01 13:36:16,2018-12-01,13:36:16,13,36.888000000000005,35.605,4.02
55,2018-12-01 13:51:16,2018-12-01,13:51:16,13,36.888000000000005,35.479,4.02
56,2018-12-01 14:06:16,2018-12-01,14:06:16,14,36.888000000000005,35.385,4.03
57,2018-12-01 14:21:16,2018-12-01,14:21:16,14,36.833,35.312,4.02
58,2018-12-01 14:36:16,2018-12-01,14:36:16,14,36.806,35.295,4.02
59,2018-12-01 14:51:16,2018-12-01,14:51:16,14,36.806,35.16,4.03
60,2018-12-01 15:06:16,2018-12-01,15:06:16,15,36.888000000000005,35.051,4.05
61,2018-12-01 15:21:16,2018-12-01,15:21:16,15,36.86,35.074,4.04
62,2018-12-01 15:36:16,2018-12-01,15:36:16,15,36.888000000000005,34.946999999999996,4.06
63,2018-12-01 15:51:16,2018-12-01,15:51:16,15,36.833,34.977,4.04
64,2018-12-01 16:06:16,2018-12-01,16:06:16,16,36.806,34.992,4.04
65,2018-12-01 16:21:16,2018-12-01,16:21:16,16,36.616,31.473000000000003,4.21
66,2018-12-01 16:36:16,2018-12-01,16:36:16,16,36.833,32.582,4.19
67,2018-12-01 16:51:16,2018-12-01,16:51:16,16,36.833,33.997,4.1
68,2018-12-01 17:06:16,2018-12-01,17:06:16,17,36.86,34.272,4.09
69,2018-12-01 17:21:16,2018-12-01,17:21:16,17,36.86,34.305,4.09
70,2018-12-01 17:36:16,2018-12-01,17:36:16,17,36.833,34.188,4.09
71,2018-12-01 17:51:16,2018-12-01,17:51:16,17,36.833,34.122,4.1
72,2018-12-01 18:06:16,2018-12-01,18:06:16,18,36.426,34.053000000000004,4.01
73,2018-12-01 18:21:16,2018-12-01,18:21:16,18,35.056999999999995,35.919000000000004,3.61
74,2018-12-01 18:36:16,2018-12-01,18:36:16,18,34.898,35.819,3.59
75,2018-12-01 18:51:16,2018-12-01,18:51:16,18,34.845,35.554,3.59
76,2018-12-01 19:06:16,2018-12-01,19:06:16,19,34.554,35.398,3.54
77,2018-12-01 19:21:16,2018-12-01,19:21:16,19,31.773000000000003,39.626,2.83
78,2018-12-01 19:36:16,2018-12-01,19:36:16,19,31.339000000000002,40.156,2.74
79,2018-12-01 19:51:16,2018-12-01,19:51:16,19,31.211,39.955,2.73
80,2018-12-01 20:06:16,2018-12-01,20:06:16,20,30.603,39.88,2.64
81,2018-12-01 20:21:16,2018-12-01,20:21:16,20,26.579,45.254,1.9
82,2018-12-01 20:36:16,2018-12-01,20:36:16,20,23.838,51.278,1.44
83,2018-12-01 20:51:16,2018-12-01,20:51:16,20,23.405,51.93,1.38
84,2018-12-01 21:06:16,2018-12-01,21:06:16,21,22.781,51.548,1.34
85,2018-12-01 21:21:16,2018-12-01,21:21:16,21,18.869,56.196000000000005,0.95
86,2018-12-01 21:36:16,2018-12-01,21:36:16,21,16.871,63.128,0.71
87,2018-12-01 21:51:16,2018-12-01,21:51:16,21,16.561,64.82,0.66
88,2018-12-01 22:06:16,2018-12-01,22:06:16,22,15.965,66.087,0.61
89,2018-12-01 22:21:16,2018-12-01,22:21:16,22,15.607999999999999,68.925,0.55
90,2018-12-01 22:36:16,2018-12-01,22:36:16,22,15.464,68.471,0.55
91,2018-12-01 22:51:16,2018-12-01,22:51:16,22,15.369000000000002,68.37899999999999,0.55
92,2018-12-01 23:06:16,2018-12-01,23:06:16,23,15.417,68.126,0.56
93,2018-12-01 23:21:16,2018-12-01,23:21:16,23,15.464,67.87899999999999,0.56
94,2018-12-01 23:36:16,2018-12-01,23:36:16,23,15.417,67.888,0.56
95,2018-12-01 23:51:16,2018-12-01,23:51:16,23,15.392999999999999,67.998,0.56
96,2018-12-02 00:06:16,2018-12-02,00:06:16,0,15.369000000000002,68.028,0.56
97,2018-12-02 00:21:16,2018-12-02,00:21:16,0,15.345,68.033,0.56
98,2018-12-02 00:36:16,2018-12-02,00:36:16,0,15.321,67.984,0.56
99,2018-12-02 00:51:16,2018-12-02,00:51:16,0,15.321,67.87899999999999,0.56
100,2018-12-02 01:06:16,2018-12-02,01:06:16,1,15.321,67.749,0.56
101,2018-12-02 01:21:16,2018-12-02,01:21:16,1,15.321,67.492,0.57
102,2018-12-02 01:36:16,2018-12-02,01:36:16,1,15.297,67.32,0.57
103,2018-12-02 01:51:16,2018-12-02,01:51:16,1,15.297,67.345,0.57
104,2018-12-02 02:06:16,2018-12-02,02:06:16,2,15.273,67.3,0.57
105,2018-12-02 02:21:16,2018-12-02,02:21:16,2,15.249,67.131,0.57
106,2018-12-02 02:36:16,2018-12-02,02:36:16,2,15.321,66.753,0.58
107,2018-12-02 02:51:16,2018-12-02,02:51:16,2,15.273,66.714,0.58
108,2018-12-02 03:06:16,2018-12-02,03:06:16,3,15.321,66.493,0.58
109,2018-12-02 03:21:16,2018-12-02,03:21:16,3,15.297,66.358,0.58
110,2018-12-02 03:36:16,2018-12-02,03:36:16,3,15.297,66.42699999999999,0.58
111,2018-12-02 03:51:16,2018-12-02,03:51:16,3,15.273,66.293,0.58
112,2018-12-02 04:06:16,2018-12-02,04:06:16,4,15.297,66.22,0.59
113,2018-12-02 04:21:16,2018-12-02,04:21:16,4,15.297,66.06,0.59
114,2018-12-02 04:36:16,2018-12-02,04:36:16,4,15.273,65.997,0.59
115,2018-12-02 04:51:16,2018-12-02,04:51:16,4,15.273,65.88600000000001,0.59
116,2018-12-02 05:06:16,2018-12-02,05:06:16,5,15.727,65.617,0.61
117,2018-12-02 05:21:16,2018-12-02,05:21:16,5,16.204,64.521,0.65
118,2018-12-02 05:36:16,2018-12-02,05:36:16,5,16.227999999999998,65.059,0.64
119,2018-12-02 05:51:16,2018-12-02,05:51:16,5,16.250999999999998,65.161,0.64
120,2018-12-02 06:06:16,2018-12-02,06:06:16,6,16.537,66.067,0.64
121,2018-12-02 06:21:16,2018-12-02,06:21:16,6,20.559,60.081,0.97
122,2018-12-02 06:36:16,2018-12-02,06:36:16,6,22.565,52.611999999999995,1.3
123,2018-12-02 06:51:16,2018-12-02,06:51:16,6,22.877,51.16,1.36
124,2018-12-02 07:06:16,2018-12-02,07:06:16,7,23.453000000000003,50.653999999999996,1.42
125,2018-12-02 07:21:16,2018-12-02,07:21:16,7,27.585,44.07,2.06
126,2018-12-02 07:36:16,2018-12-02,07:36:16,7,30.401,38.316,2.68
127,2018-12-02 07:51:16,2018-12-02,07:51:16,7,30.831,37.771,2.77
128,2018-12-02 08:06:16,2018-12-02,08:06:16,8,31.237,37.799,2.83
129,2018-12-02 08:21:16,2018-12-02,08:21:16,8,34.29,33.641999999999996,3.59
130,2018-12-02 08:36:16,2018-12-02,08:36:16,8,34.554,33.519,3.65
131,2018-12-02 08:51:16,2018-12-02,08:51:16,8,34.527,30.081,3.83
132,2018-12-02 09:06:16,2018-12-02,09:06:16,9,35.056999999999995,32.292,3.82
133,2018-12-02 09:21:16,2018-12-02,09:21:16,9,36.534,31.354,4.2
134,2018-12-02 09:36:16,2018-12-02,09:36:16,9,36.751,31.654,4.23
135,2018-12-02 09:51:16,2018-12-02,09:51:16,9,36.696999999999996,31.956999999999997,4.2
136,2018-12-02 10:06:16,2018-12-02,10:06:16,10,36.751,32.16,4.2
137,2018-12-02 10:21:16,2018-12-02,10:21:16,10,36.833,32.223,4.21
138,2018-12-02 10:36:16,2018-12-02,10:36:16,10,36.833,32.5,4.2
139,2018-12-02 10:51:16,2018-12-02,10:51:16,10,36.779,32.668,4.17
140,2018-12-02 11:06:16,2018-12-02,11:06:16,11,36.833,32.527,4.2
141,2018-12-02 11:21:16,2018-12-02,11:21:16,11,36.779,32.532,4.18
142,2018-12-02 11:36:16,2018-12-02,11:36:16,11,36.833,32.518,4.2
143,2018-12-02 11:51:16,2018-12-02,11:51:16,11,36.888000000000005,32.412,4.21
144,2018-12-02 12:06:16,2018-12-02,12:06:16,12,36.833,32.482,4.2
145,2018-12-02 12:21:16,2018-12-02,12:21:16,12,36.833,32.195,4.22
146,2018-12-02 12:36:16,2018-12-02,12:36:16,12,36.779,31.44,4.25
147,2018-12-02 12:51:16,2018-12-02,12:51:16,12,36.833,31.884,4.24
148,2018-12-02 13:06:16,2018-12-02,13:06:16,13,36.833,32.092,4.22
149,2018-12-02 13:21:16,2018-12-02,13:21:16,13,36.86,32.196999999999996,4.22
150,2018-12-02 13:36:16,2018-12-02,13:36:16,13,36.86,32.29,4.22
151,2018-12-02 13:51:16,2018-12-02,13:51:16,13,36.86,32.216,4.22
152,2018-12-02 14:06:16,2018-12-02,14:06:16,14,36.806,32.23,4.21
153,2018-12-02 14:21:16,2018-12-02,14:21:16,14,36.888000000000005,32.078,4.24
154,2018-12-02 14:36:16,2018-12-02,14:36:16,14,36.806,32.165,4.21
155,2018-12-02 14:51:16,2018-12-02,14:51:16,14,36.888000000000005,31.984,4.24
156,2018-12-02 15:06:16,2018-12-02,15:06:16,15,36.86,31.962,4.24
157,2018-12-02 15:21:16,2018-12-02,15:21:16,15,36.806,32.043,4.22
158,2018-12-02 15:36:16,2018-12-02,15:36:16,15,36.806,31.948,4.22
159,2018-12-02 15:51:16,2018-12-02,15:51:16,15,36.833,31.884,4.24
160,2018-12-02 16:06:16,2018-12-02,16:06:16,16,36.833,31.826,4.24
161,2018-12-02 16:21:16,2018-12-02,16:21:16,16,36.86,31.750999999999998,4.25
162,2018-12-02 16:36:16,2018-12-02,16:36:16,16,36.915,31.65,4.27
163,2018-12-02 16:51:16,2018-12-02,16:51:16,16,36.806,31.737,4.24
164,2018-12-02 17:06:16,2018-12-02,17:06:16,17,36.888000000000005,31.599,4.27
165,2018-12-02 17:21:16,2018-12-02,17:21:16,17,36.86,31.448,4.27
166,2018-12-02 17:36:16,2018-12-02,17:36:16,17,36.833,31.583000000000002,4.25
167,2018-12-02 17:51:16,2018-12-02,17:51:16,17,36.806,31.551,4.25
168,2018-12-02 18:06:16,2018-12-02,18:06:16,18,36.372,31.535999999999998,4.15
169,2018-12-02 18:21:16,2018-12-02,18:21:16,18,35.056999999999995,33.324,3.76
170,2018-12-02 18:36:16,2018-12-02,18:36:16,18,34.871,33.158,3.73
171,2018-12-02 18:51:16,2018-12-02,18:51:16,18,34.871,32.922,3.74
172,2018-12-02 19:06:16,2018-12-02,19:06:16,19,34.527,32.735,3.68
173,2018-12-02 19:21:16,2018-12-02,19:21:16,19,31.721999999999998,36.543,2.97
174,2018-12-02 19:36:16,2018-12-02,19:36:16,19,31.288,36.805,2.88
175,2018-12-02 19:51:16,2018-12-02,19:51:16,19,31.186,36.344,2.89
176,2018-12-02 20:06:16,2018-12-02,20:06:16,20,30.576999999999998,36.029,2.8
177,2018-12-02 20:21:16,2018-12-02,20:21:16,20,26.53,40.784,2.05
178,2018-12-02 20:36:16,2018-12-02,20:36:16,20,23.79,46.18899999999999,1.58
179,2018-12-02 20:51:16,2018-12-02,20:51:16,20,23.333000000000002,46.701,1.53
180,2018-12-02 21:06:16,2018-12-02,21:06:16,21,22.781,46.265,1.49
181,2018-12-02 21:21:16,2018-12-02,21:21:16,21,18.820999999999998,51.765,1.05
182,2018-12-02 21:36:16,2018-12-02,21:36:16,21,16.847,57.997,0.81
183,2018-12-02 21:51:16,2018-12-02,21:51:16,21,16.49,59.123999999999995,0.77
184,2018-12-02 22:06:16,2018-12-02,22:06:16,22,15.989,59.512,0.73
185,2018-12-02 22:21:16,2018-12-02,22:21:16,22,15.607999999999999,60.306999999999995,0.7
186,2018-12-02 22:36:16,2018-12-02,22:36:16,22,15.464,59.825,0.71
187,2018-12-02 22:51:16,2018-12-02,22:51:16,22,15.464,59.20399999999999,0.72
188,2018-12-02 23:06:16,2018-12-02,23:06:16,23,15.417,59.095,0.72
189,2018-12-02 23:21:16,2018-12-02,23:21:16,23,15.369000000000002,59.201,0.71
190,2018-12-02 23:36:16,2018-12-02,23:36:16,23,15.345,59.166000000000004,0.71
191,2018-12-02 23:51:16,2018-12-02,23:51:16,23,15.345,59.02,0.71
192,2018-12-03 00:06:16,2018-12-03,00:06:16,0,15.321,59.026,0.71
193,2018-12-03 00:21:16,2018-12-03,00:21:16,0,15.297,58.926,0.71
194,2018-12-03 00:36:16,2018-12-03,00:36:16,0,15.369000000000002,58.672,0.72
195,2018-12-03 00:51:16,2018-12-03,00:51:16,0,15.321,58.503,0.72
196,2018-12-03 01:06:16,2018-12-03,01:06:16,1,15.297,58.51,0.72
197,2018-12-03 01:21:16,2018-12-03,01:21:16,1,15.321,58.248999999999995,0.73
198,2018-12-03 01:36:16,2018-12-03,01:36:16,1,15.297,58.331,0.72
199,2018-12-03 01:51:16,2018-12-03,01:51:16,1,15.321,57.864,0.73
200,2018-12-03 02:06:16,2018-12-03,02:06:16,2,15.321,57.778,0.73
201,2018-12-03 02:21:16,2018-12-03,02:21:16,2,15.297,57.675,0.73
202,2018-12-03 02:36:16,2018-12-03,02:36:16,2,15.297,57.566,0.74
203,2018-12-03 02:51:16,2018-12-03,02:51:16,2,15.273,57.571999999999996,0.74
204,2018-12-03 03:06:16,2018-12-03,03:06:16,3,15.249,57.578,0.73
205,2018-12-03 03:21:16,2018-12-03,03:21:16,3,15.273,57.548,0.74
206,2018-12-03 03:36:16,2018-12-03,03:36:16,3,15.297,57.626000000000005,0.74
207,2018-12-03 03:51:16,2018-12-03,03:51:16,3,15.321,57.464,0.74
208,2018-12-03 04:06:16,2018-12-03,04:06:16,4,15.321,57.368,0.74
209,2018-12-03 04:21:16,2018-12-03,04:21:16,4,15.369000000000002,57.178000000000004,0.75
210,2018-12-03 04:36:16,2018-12-03,04:36:16,4,15.321,57.343999999999994,0.74
211,2018-12-03 04:51:16,2018-12-03,04:51:16,4,15.297,57.47,0.74
212,2018-12-03 05:06:16,2018-12-03,05:06:16,5,15.727,57.225,0.76
213,2018-12-03 05:21:16,2018-12-03,05:21:16,5,16.156,57.041000000000004,0.79
214,2018-12-03 05:36:16,2018-12-03,05:36:16,5,16.250999999999998,57.808,0.78
215,2018-12-03 05:51:16,2018-12-03,05:51:16,5,16.18,58.27,0.77
216,2018-12-03 06:06:16,2018-12-03,06:06:16,6,16.537,58.691,0.78
217,2018-12-03 06:21:16,2018-12-03,06:21:16,6,20.535,52.082,1.16
218,2018-12-03 06:36:16,2018-12-03,06:36:16,6,22.589000000000002,45.735,1.49
219,2018-12-03 06:51:16,2018-12-03,06:51:16,6,22.829,44.876999999999995,1.53
220,2018-12-03 07:06:16,2018-12-03,07:06:16,7,23.429000000000002,44.492,1.6
221,2018-12-03 07:21:16,2018-12-03,07:21:16,7,27.609,38.795,2.26
222,2018-12-03 07:36:16,2018-12-03,07:36:16,7,30.426,34.189,2.86
223,2018-12-03 07:51:16,2018-12-03,07:51:16,7,30.805,33.883,2.94
224,2018-12-03 08:06:16,2018-12-03,08:06:16,8,31.237,34.095,3.0
225,2018-12-03 08:21:16,2018-12-03,08:21:16,8,34.316,30.675,3.75
226,2018-12-03 08:36:16,2018-12-03,08:36:16,8,34.422,27.996,3.92
227,2018-12-03 08:51:16,2018-12-03,08:51:16,8,34.659,27.8,3.98
228,2018-12-03 09:06:16,2018-12-03,09:06:16,9,35.111,30.278000000000002,3.94
229,2018-12-03 09:21:16,2018-12-03,09:21:16,9,36.588,29.403000000000002,4.33
230,2018-12-03 09:36:16,2018-12-03,09:36:16,9,36.67,29.708000000000002,4.33
231,2018-12-03 09:51:16,2018-12-03,09:51:16,9,36.751,29.791999999999998,4.35
232,2018-12-03 10:06:16,2018-12-03,10:06:16,10,36.806,29.813000000000002,4.36
233,2018-12-03 10:21:16,2018-12-03,10:21:16,10,36.806,29.017,4.41
234,2018-12-03 10:36:16,2018-12-03,10:36:16,10,36.751,29.359,4.37
235,2018-12-03 10:51:16,2018-12-03,10:51:16,10,36.779,29.546999999999997,4.37
236,2018-12-03 11:06:16,2018-12-03,11:06:16,11,36.806,29.515,4.38
237,2018-12-03 11:21:16,2018-12-03,11:21:16,11,36.833,29.471999999999998,4.39
238,2018-12-03 11:36:16,2018-12-03,11:36:16,11,36.833,29.410999999999998,4.39
239,2018-12-03 11:51:16,2018-12-03,11:51:16,11,36.86,29.268,4.4
240,2018-12-03 12:06:16,2018-12-03,12:06:16,12,36.888000000000005,29.185,4.42
241,2018-12-03 12:21:16,2018-12-03,12:21:16,12,36.779,29.314,4.38
242,2018-12-03 12:36:16,2018-12-03,12:36:16,12,36.833,29.349,4.39
243,2018-12-03 12:51:16,2018-12-03,12:51:16,12,36.833,29.410999999999998,4.39
244,2018-12-03 13:06:16,2018-12-03,13:06:16,13,36.888000000000005,29.359,4.41
245,2018-12-03 13:21:16,2018-12-03,13:21:16,13,36.833,29.531999999999996,4.38
246,2018-12-03 13:36:16,2018-12-03,13:36:16,13,36.86,29.44,4.39
247,2018-12-03 13:51:16,2018-12-03,13:51:16,13,36.806,29.281999999999996,4.39
248,2018-12-03 14:06:16,2018-12-03,14:06:16,14,36.888000000000005,29.173000000000002,4.42
249,2018-12-03 14:21:16,2018-12-03,14:21:16,14,36.888000000000005,29.147,4.42
250,2018-12-03 14:36:16,2018-12-03,14:36:16,14,36.751,29.247,4.38
251,2018-12-03 14:51:16,2018-12-03,14:51:16,14,36.86,29.205,4.41
252,2018-12-03 15:06:16,2018-12-03,15:06:16,15,36.806,29.295,4.39
253,2018-12-03 15:21:16,2018-12-03,15:21:16,15,36.888000000000005,29.26,4.41
254,2018-12-03 15:36:16,2018-12-03,15:36:16,15,36.86,29.354,4.4
255,2018-12-03 15:51:16,2018-12-03,15:51:16,15,36.888000000000005,29.421,4.4
256,2018-12-03 16:06:16,2018-12-03,16:06:16,16,36.888000000000005,29.814,4.38
257,2018-12-03 16:21:16,2018-12-03,16:21:16,16,36.833,29.840999999999998,4.36
258,2018-12-03 16:36:16,2018-12-03,16:36:16,16,36.724000000000004,27.357,4.49
259,2018-12-03 16:51:16,2018-12-03,16:51:16,16,36.751,28.941,4.4
260,2018-12-03 17:06:16,2018-12-03,17:06:16,17,36.779,29.607,4.36
261,2018-12-03 17:21:16,2018-12-03,17:21:16,17,36.751,29.791999999999998,4.35
262,2018-12-03 17:36:16,2018-12-03,17:36:16,17,36.86,29.750999999999998,4.37
263,2018-12-03 17:51:16,2018-12-03,17:51:16,17,36.833,29.7,4.37
264,2018-12-03 18:06:16,2018-12-03,18:06:16,18,36.453,29.622,4.29
265,2018-12-03 18:21:16,2018-12-03,18:21:16,18,35.084,31.264,3.88
266,2018-12-03 18:36:16,2018-12-03,18:36:16,18,34.924,31.149,3.85
267,2018-12-03 18:51:16,2018-12-03,18:51:16,18,34.845,30.976999999999997,3.85
268,2018-12-03 19:06:16,2018-12-03,19:06:16,19,34.527,30.753,3.79
269,2018-12-03 19:21:16,2018-12-03,19:21:16,19,31.695999999999998,34.257,3.07
270,2018-12-03 19:36:16,2018-12-03,19:36:16,19,31.313000000000002,34.316,3.0
271,2018-12-03 19:51:16,2018-12-03,19:51:16,19,31.160999999999998,34.043,2.99
272,2018-12-03 20:06:16,2018-12-03,20:06:16,20,30.576999999999998,33.778,2.9
273,2018-12-03 20:21:16,2018-12-03,20:21:16,20,26.505,38.316,2.13
274,2018-12-03 20:36:16,2018-12-03,20:36:16,20,23.766,43.351000000000006,1.67
275,2018-12-03 20:51:16,2018-12-03,20:51:16,20,23.285,43.683,1.61
276,2018-12-03 21:06:16,2018-12-03,21:06:16,21,22.756999999999998,42.978,1.58
277,2018-12-03 21:21:16,2018-12-03,21:21:16,21,18.798,48.43600000000001,1.12
278,2018-12-03 21:36:16,2018-12-03,21:36:16,21,16.823,54.231,0.88
279,2018-12-03 21:51:16,2018-12-03,21:51:16,21,16.49,55.102,0.84
280,2018-12-03 22:06:16,2018-12-03,22:06:16,22,15.942,55.369,0.81
281,2018-12-03 22:21:16,2018-12-03,22:21:16,22,15.512,56.005,0.77
282,2018-12-03 22:36:16,2018-12-03,22:36:16,22,15.464,55.216,0.79
283,2018-12-03 22:51:16,2018-12-03,22:51:16,22,15.417,54.70399999999999,0.79
284,2018-12-03 23:06:16,2018-12-03,23:06:16,23,15.369000000000002,54.188,0.8
285,2018-12-03 23:21:16,2018-12-03,23:21:16,23,15.345,53.931000000000004,0.8
286,2018-12-03 23:36:16,2018-12-03,23:36:16,23,15.345,53.766999999999996,0.81
287,2018-12-03 23:51:16,2018-12-03,23:51:16,23,15.369000000000002,53.483000000000004,0.81
288,2018-12-04 00:06:16,2018-12-04,00:06:16,0,15.369000000000002,53.417,0.81
289,2018-12-04 00:21:16,2018-12-04,00:21:16,0,15.392999999999999,53.316,0.82
290,2018-12-04 00:36:16,2018-12-04,00:36:16,0,15.321,53.431000000000004,0.81
291,2018-12-04 00:51:16,2018-12-04,00:51:16,0,15.369000000000002,53.248000000000005,0.82
292,2018-12-04 01:06:16,2018-12-04,01:06:16,1,15.392999999999999,52.943000000000005,0.82
293,2018-12-04 01:21:16,2018-12-04,01:21:16,1,15.321,52.881,0.82
294,2018-12-04 01:36:16,2018-12-04,01:36:16,1,15.297,52.842,0.82
295,2018-12-04 01:51:16,2018-12-04,01:51:16,1,15.297,52.842,0.82
296,2018-12-04 02:06:16,2018-12-04,02:06:16,2,15.321,52.771,0.82
297,2018-12-04 02:21:16,2018-12-04,02:21:16,2,15.392999999999999,52.513000000000005,0.83
298,2018-12-04 02:36:16,2018-12-04,02:36:16,2,15.345,52.391999999999996,0.83
299,2018-12-04 02:51:16,2018-12-04,02:51:16,2,15.273,52.422,0.82
300,2018-12-04 03:06:16,2018-12-04,03:06:16,3,15.273,52.413000000000004,0.83
301,2018-12-04 03:21:16,2018-12-04,03:21:16,3,15.345,52.222,0.83
302,2018-12-04 03:36:16,2018-12-04,03:36:16,3,15.369000000000002,52.028,0.84
303,2018-12-04 03:51:16,2018-12-04,03:51:16,3,15.321,52.104,0.83
304,2018-12-04 04:06:16,2018-12-04,04:06:16,4,15.345,52.018,0.84
305,2018-12-04 04:21:16,2018-12-04,04:21:16,4,15.369000000000002,51.861000000000004,0.84
306,2018-12-04 04:36:16,2018-12-04,04:36:16,4,15.392999999999999,51.854,0.84
307,2018-12-04 04:51:16,2018-12-04,04:51:16,4,15.392999999999999,51.924,0.84
308,2018-12-04 05:06:16,2018-12-04,05:06:16,5,15.751,51.713,0.86
309,2018-12-04 05:21:16,2018-12-04,05:21:16,5,16.18,52.203,0.88
310,2018-12-04 05:36:16,2018-12-04,05:36:16,5,16.18,53.424,0.86
311,2018-12-04 05:51:16,2018-12-04,05:51:16,5,16.18,53.989,0.85
312,2018-12-04 06:06:16,2018-12-04,06:06:16,6,16.465999999999998,54.74100000000001,0.85
313,2018-12-04 06:21:16,2018-12-04,06:21:16,6,20.511,47.8,1.26
314,2018-12-04 06:36:16,2018-12-04,06:36:16,6,22.589000000000002,42.185,1.58
315,2018-12-04 06:51:16,2018-12-04,06:51:16,6,22.877,41.735,1.62
316,2018-12-04 07:06:16,2018-12-04,07:06:16,7,23.405,41.891000000000005,1.67
317,2018-12-04 07:21:16,2018-12-04,07:21:16,7,27.609,36.797,2.33
318,2018-12-04 07:36:16,2018-12-04,07:36:16,7,30.426,32.541,2.93
319,2018-12-04 07:51:16,2018-12-04,07:51:16,7,30.78,32.67,2.99
320,2018-12-04 08:06:16,2018-12-04,08:06:16,8,31.261999999999997,33.008,3.05
321,2018-12-04 08:21:16,2018-12-04,08:21:16,8,34.29,29.625,3.8
322,2018-12-04 08:36:16,2018-12-04,08:36:16,8,34.474000000000004,28.293000000000003,3.91
323,2018-12-04 08:51:16,2018-12-04,08:51:16,8,34.422,29.194000000000003,3.85
324,2018-12-04 09:06:16,2018-12-04,09:06:16,9,35.031,56.553999999999995,2.45
325,2018-12-04 09:21:16,2018-12-04,09:21:16,9,36.453,56.68,2.64
326,2018-12-04 09:36:16,2018-12-04,09:36:16,9,36.561,54.661,2.78
327,2018-12-04 09:51:16,2018-12-04,09:51:16,9,36.616,52.034,2.95
328,2018-12-04 10:06:16,2018-12-04,10:06:16,10,36.588,50.309,3.05
329,2018-12-04 10:21:16,2018-12-04,10:21:16,10,36.67,48.22,3.19
330,2018-12-04 10:36:16,2018-12-04,10:36:16,10,36.616,44.11,3.43
331,2018-12-04 10:51:16,2018-12-04,10:51:16,10,36.643,41.678999999999995,3.59
332,2018-12-04 11:06:16,2018-12-04,11:06:16,11,36.643,40.295,3.67
333,2018-12-04 11:21:16,2018-12-04,11:21:16,11,36.643,38.768,3.77
334,2018-12-04 11:36:16,2018-12-04,11:36:16,11,36.643,38.003,3.81
335,2018-12-04 11:51:16,2018-12-04,11:51:16,11,36.67,37.464,3.85
336,2018-12-04 12:06:16,2018-12-04,12:06:16,12,36.67,37.099000000000004,3.88
337,2018-12-04 12:21:16,2018-12-04,12:21:16,12,36.67,36.378,3.92
338,2018-12-04 12:36:16,2018-12-04,12:36:16,12,36.643,36.137,3.93
339,2018-12-04 12:51:16,2018-12-04,12:51:16,12,36.724000000000004,35.812,3.97
340,2018-12-04 13:06:16,2018-12-04,13:06:16,13,36.67,35.63,3.97
341,2018-12-04 13:21:16,2018-12-04,13:21:16,13,36.696999999999996,35.3,3.99
342,2018-12-04 13:36:16,2018-12-04,13:36:16,13,36.724000000000004,35.117,4.01
343,2018-12-04 13:51:16,2018-12-04,13:51:16,13,36.751,35.86,3.97
344,2018-12-04 14:06:16,2018-12-04,14:06:16,14,36.696999999999996,36.2,3.94
345,2018-12-04 14:21:16,2018-12-04,14:21:16,14,36.724000000000004,36.061,3.95
346,2018-12-04 14:36:16,2018-12-04,14:36:16,14,36.724000000000004,35.781,3.97
347,2018-12-04 14:51:16,2018-12-04,14:51:16,14,36.696999999999996,35.702,3.97
348,2018-12-04 15:06:16,2018-12-04,15:06:16,15,36.643,35.677,3.96
349,2018-12-04 15:21:16,2018-12-04,15:21:16,15,36.696999999999996,35.442,3.98
350,2018-12-04 15:36:16,2018-12-04,15:36:16,15,36.724000000000004,35.348,4.0
351,2018-12-04 15:51:16,2018-12-04,15:51:16,15,36.696999999999996,35.866,3.96
352,2018-12-04 16:06:16,2018-12-04,16:06:16,16,36.779,35.845,3.98
353,2018-12-04 16:21:16,2018-12-04,16:21:16,16,36.696999999999996,35.889,3.96
354,2018-12-04 16:36:16,2018-12-04,16:36:16,16,36.751,35.664,3.98
355,2018-12-04 16:51:16,2018-12-04,16:51:16,16,36.724000000000004,35.553000000000004,3.98
356,2018-12-04 17:06:16,2018-12-04,17:06:16,17,36.643,35.575,3.96
357,2018-12-04 17:21:16,2018-12-04,17:21:16,17,36.48,29.735,4.29
358,2018-12-04 17:36:16,2018-12-04,17:36:16,17,36.67,33.306999999999995,4.11
359,2018-12-04 17:51:16,2018-12-04,17:51:16,17,36.696999999999996,34.396,4.05
360,2018-12-04 18:06:16,2018-12-04,18:06:16,18,36.372,34.611999999999995,3.96
361,2018-12-04 18:21:16,2018-12-04,18:21:16,18,34.924,36.417,3.56
362,2018-12-04 18:36:16,2018-12-04,18:36:16,18,34.818000000000005,36.234,3.55
363,2018-12-04 18:51:16,2018-12-04,18:51:16,18,34.739000000000004,36.067,3.54
364,2018-12-04 19:06:16,2018-12-04,19:06:16,19,34.395,35.736999999999995,3.49
365,2018-12-04 19:21:16,2018-12-04,19:21:16,19,31.594,39.431999999999995,2.81
366,2018-12-04 19:36:16,2018-12-04,19:36:16,19,31.160999999999998,39.551,2.74
367,2018-12-04 19:51:16,2018-12-04,19:51:16,19,31.11,39.086,2.75
368,2018-12-04 20:06:16,2018-12-04,20:06:16,20,30.502,38.78,2.67
369,2018-12-04 20:21:16,2018-12-04,20:21:16,20,26.432,43.361000000000004,1.95
370,2018-12-04 20:36:16,2018-12-04,20:36:16,20,23.693,48.433,1.51
371,2018-12-04 20:51:16,2018-12-04,20:51:16,20,23.285,48.618,1.47
372,2018-12-04 21:06:16,2018-12-04,21:06:16,21,22.685,47.97,1.43
373,2018-12-04 21:21:16,2018-12-04,21:21:16,21,18.726,53.028,1.01
374,2018-12-04 21:36:16,2018-12-04,21:36:16,21,16.775,58.873999999999995,0.78
375,2018-12-04 21:51:16,2018-12-04,21:51:16,21,16.418,59.847,0.75
376,2018-12-04 22:06:16,2018-12-04,22:06:16,22,15.942,60.108999999999995,0.72
377,2018-12-04 22:21:16,2018-12-04,22:21:16,22,15.584000000000001,60.416000000000004,0.7
378,2018-12-04 22:36:16,2018-12-04,22:36:16,22,15.417,59.626000000000005,0.71
379,2018-12-04 22:51:16,2018-12-04,22:51:16,22,15.321,58.841,0.72
380,2018-12-04 23:06:16,2018-12-04,23:06:16,23,15.321,58.199,0.73
381,2018-12-04 23:21:16,2018-12-04,23:21:16,23,15.321,57.656000000000006,0.74
382,2018-12-04 23:36:16,2018-12-04,23:36:16,23,15.321,57.403999999999996,0.74
383,2018-12-04 23:51:16,2018-12-04,23:51:16,23,15.369000000000002,57.284,0.75
384,2018-12-05 00:06:16,2018-12-05,00:06:16,0,15.417,57.13,0.75
385,2018-12-05 00:21:16,2018-12-05,00:21:16,0,15.392999999999999,56.996,0.75
386,2018-12-05 00:36:16,2018-12-05,00:36:16,0,15.369000000000002,56.887,0.75
387,2018-12-05 00:51:16,2018-12-05,00:51:16,0,15.345,56.755,0.75
388,2018-12-05 01:06:16,2018-12-05,01:06:16,1,15.369000000000002,56.578,0.76
389,2018-12-05 01:21:16,2018-12-05,01:21:16,1,15.345,56.54,0.76
390,2018-12-05 01:36:16,2018-12-05,01:36:16,1,15.345,56.528,0.76
391,2018-12-05 01:51:16,2018-12-05,01:51:16,1,15.345,56.483000000000004,0.76
392,2018-12-05 02:06:16,2018-12-05,02:06:16,2,15.321,56.556999999999995,0.76
393,2018-12-05 02:21:16,2018-12-05,02:21:16,2,15.297,56.632,0.75
394,2018-12-05 02:36:16,2018-12-05,02:36:16,2,15.297,56.519,0.76
395,2018-12-05 02:51:16,2018-12-05,02:51:16,2,15.297,56.328,0.76
396,2018-12-05 03:06:16,2018-12-05,03:06:16,3,15.321,56.18899999999999,0.76
397,2018-12-05 03:21:16,2018-12-05,03:21:16,3,15.297,56.173,0.76
398,2018-12-05 03:36:16,2018-12-05,03:36:16,3,15.273,56.18,0.76
399,2018-12-05 03:51:16,2018-12-05,03:51:16,3,15.273,56.147,0.76
400,2018-12-05 04:06:16,2018-12-05,04:06:16,4,15.273,56.07,0.76
401,2018-12-05 04:21:16,2018-12-05,04:21:16,4,15.273,56.005,0.76
402,2018-12-05 04:36:16,2018-12-05,04:36:16,4,15.273,55.93899999999999,0.76
403,2018-12-05 04:51:16,2018-12-05,04:51:16,4,15.249,55.924,0.76
404,2018-12-05 05:06:16,2018-12-05,05:06:16,5,15.679,55.753,0.79
405,2018-12-05 05:21:16,2018-12-05,05:21:16,5,16.132,57.035,0.79
406,2018-12-05 05:36:16,2018-12-05,05:36:16,5,16.18,58.4,0.76
407,2018-12-05 05:51:16,2018-12-05,05:51:16,5,16.204,58.896,0.76
408,2018-12-05 06:06:16,2018-12-05,06:06:16,6,16.514,59.68,0.76
409,2018-12-05 06:21:16,2018-12-05,06:21:16,6,20.487,53.992,1.11
410,2018-12-05 06:36:16,2018-12-05,06:36:16,6,22.541,48.053000000000004,1.42
411,2018-12-05 06:51:16,2018-12-05,06:51:16,6,22.829,47.445,1.46
412,2018-12-05 07:06:16,2018-12-05,07:06:16,7,23.405,47.562,1.51
413,2018-12-05 07:21:16,2018-12-05,07:21:16,7,27.535999999999998,42.095,2.13
414,2018-12-05 07:36:16,2018-12-05,07:36:16,7,30.375,37.348,2.71
415,2018-12-05 07:51:16,2018-12-05,07:51:16,7,30.805,37.175,2.79
416,2018-12-05 08:06:16,2018-12-05,08:06:16,8,31.160999999999998,37.493,2.83
417,2018-12-05 08:21:16,2018-12-05,08:21:16,8,34.264,33.86,3.57
418,2018-12-05 08:36:16,2018-12-05,08:36:16,8,34.422,31.627,3.72
419,2018-12-05 08:51:16,2018-12-05,08:51:16,8,34.58,33.689,3.64
420,2018-12-05 09:06:16,2018-12-05,09:06:16,9,34.792,29.079,3.94
421,2018-12-05 09:21:16,2018-12-05,09:21:16,9,36.48,31.145,4.2
422,2018-12-05 09:36:16,2018-12-05,09:36:16,9,36.588,32.545,4.14
423,2018-12-05 09:51:16,2018-12-05,09:51:16,9,36.67,33.098,4.12
424,2018-12-05 10:06:16,2018-12-05,10:06:16,10,36.696999999999996,33.352,4.11
425,2018-12-05 10:21:16,2018-12-05,10:21:16,10,36.696999999999996,33.525,4.1
426,2018-12-05 10:36:16,2018-12-05,10:36:16,10,36.724000000000004,33.731,4.1
427,2018-12-05 10:51:16,2018-12-05,10:51:16,10,36.696999999999996,33.704,4.09
428,2018-12-05 11:06:16,2018-12-05,11:06:16,11,36.696999999999996,33.678000000000004,4.09
429,2018-12-05 11:21:16,2018-12-05,11:21:16,11,36.751,33.639,4.11
430,2018-12-05 11:36:16,2018-12-05,11:36:16,11,36.779,33.784,4.1
431,2018-12-05 11:51:16,2018-12-05,11:51:16,11,36.779,33.766999999999996,4.11
432,2018-12-05 12:06:16,2018-12-05,12:06:16,12,36.724000000000004,33.824,4.09
433,2018-12-05 12:21:16,2018-12-05,12:21:16,12,36.724000000000004,33.781,4.09
434,2018-12-05 12:36:16,2018-12-05,12:36:16,12,36.751,33.808,4.1
435,2018-12-05 12:51:16,2018-12-05,12:51:16,12,36.696999999999996,33.839,4.08
436,2018-12-05 13:06:16,2018-12-05,13:06:16,13,36.751,33.639,4.11
437,2018-12-05 13:21:16,2018-12-05,13:21:16,13,36.696999999999996,33.602,4.1
438,2018-12-05 13:36:16,2018-12-05,13:36:16,13,36.751,33.724000000000004,4.1
439,2018-12-05 13:51:16,2018-12-05,13:51:16,13,36.779,33.598,4.12
440,2018-12-05 14:06:16,2018-12-05,14:06:16,14,36.751,33.094,4.14
441,2018-12-05 14:21:16,2018-12-05,14:21:16,14,36.751,32.756,4.16
442,2018-12-05 14:36:16,2018-12-05,14:36:16,14,36.724000000000004,32.501,4.17
443,2018-12-05 14:51:16,2018-12-05,14:51:16,14,36.779,31.974,4.22
444,2018-12-05 15:06:16,2018-12-05,15:06:16,15,36.806,31.333000000000002,4.26
445,2018-12-05 15:21:16,2018-12-05,15:21:16,15,36.751,30.697,4.29
446,2018-12-05 15:36:16,2018-12-05,15:36:16,15,36.779,30.254,4.32
447,2018-12-05 15:51:16,2018-12-05,15:51:16,15,36.751,29.955,4.34
448,2018-12-05 16:06:16,2018-12-05,16:06:16,16,36.779,29.959,4.34
449,2018-12-05 16:21:16,2018-12-05,16:21:16,16,36.751,29.943,4.34
450,2018-12-05 16:36:16,2018-12-05,16:36:16,16,36.806,29.929000000000002,4.35
451,2018-12-05 16:51:16,2018-12-05,16:51:16,16,36.833,29.77,4.37
452,2018-12-05 17:06:16,2018-12-05,17:06:16,17,36.696999999999996,29.569000000000003,4.35
453,2018-12-05 17:21:16,2018-12-05,17:21:16,17,36.806,27.101999999999997,4.53
454,2018-12-05 17:36:16,2018-12-05,17:36:16,17,36.806,28.302,4.45
455,2018-12-05 17:51:16,2018-12-05,17:51:16,17,36.833,28.666999999999998,4.44
456,2018-12-05 18:06:16,2018-12-05,18:06:16,18,36.345,28.828000000000003,4.31
457,2018-12-05 18:21:16,2018-12-05,18:21:16,18,35.004,30.513,3.91
458,2018-12-05 18:36:16,2018-12-05,18:36:16,18,34.845,30.635,3.87
459,2018-12-05 18:51:16,2018-12-05,18:51:16,18,34.739000000000004,30.663,3.84
460,2018-12-05 19:06:16,2018-12-05,19:06:16,19,34.422,30.521,3.78
461,2018-12-05 19:21:16,2018-12-05,19:21:16,19,31.645,33.719,3.09
462,2018-12-05 19:36:16,2018-12-05,19:36:16,19,31.211,34.272,2.99
463,2018-12-05 19:51:16,2018-12-05,19:51:16,19,31.160999999999998,34.141999999999996,2.98
464,2018-12-05 20:06:16,2018-12-05,20:06:16,20,30.552,33.98,2.89
465,2018-12-05 20:21:16,2018-12-05,20:21:16,20,26.480999999999998,37.94,2.14
466,2018-12-05 20:36:16,2018-12-05,20:36:16,20,23.741999999999997,42.983999999999995,1.67
467,2018-12-05 20:51:16,2018-12-05,20:51:16,20,23.333000000000002,43.76,1.61
468,2018-12-05 21:06:16,2018-12-05,21:06:16,21,22.733,43.578,1.56
469,2018-12-05 21:21:16,2018-12-05,21:21:16,21,18.774,48.992,1.1
470,2018-12-05 21:36:16,2018-12-05,21:36:16,21,16.775,55.519,0.85
471,2018-12-05 21:51:16,2018-12-05,21:51:16,21,16.465999999999998,57.187,0.8
472,2018-12-05 22:06:16,2018-12-05,22:06:16,22,15.942,58.089,0.76
473,2018-12-05 22:21:16,2018-12-05,22:21:16,22,15.536,58.668,0.73
474,2018-12-05 22:36:16,2018-12-05,22:36:16,22,15.417,58.162,0.73
475,2018-12-05 22:51:16,2018-12-05,22:51:16,22,15.345,57.662,0.74
476,2018-12-05 23:06:16,2018-12-05,23:06:16,23,15.369000000000002,57.155,0.75
477,2018-12-05 23:21:16,2018-12-05,23:21:16,23,15.345,56.87,0.75
478,2018-12-05 23:36:16,2018-12-05,23:36:16,23,15.369000000000002,56.783,0.75
479,2018-12-05 23:51:16,2018-12-05,23:51:16,23,15.297,57.115,0.74
