Plot Title: HNT Field,,,,,,
#,"Date Time, GMT-05:00","Temp, øC (LGR S/N: 20042964, SEN S/N: 20042964)","RH, % (LGR S/N: 20042964, SEN S/N: 20042964)",Host Connected (LGR S/N: 20042964),Stopped (LGR S/N: 20042964),End Of File (LGR S/N: 20042964)
1,6/1/2018 0:02,25.895,82.441,,,
2,6/1/2018 0:07,25.385,82.586,,,
3,6/1/2018 0:12,25.021,83.131,,,
4,6/1/2018 0:17,24.731,84.085,,,
5,6/1/2018 0:22,25.021,84.967,,,
6,6/1/2018 0:27,25.118,83.747,,,
7,6/1/2018 0:32,24.755,83.865,,,
8,6/1/2018 0:37,24.9,84.405,,,
9,6/1/2018 0:42,24.973,83.659,,,
10,6/1/2018 0:47,24.658,84.689,,,
11,6/1/2018 0:52,24.803,84.411,,,
12,6/1/2018 0:57,24.537,84.886,,,
13,6/1/2018 1:02,24.731,84.649,,,
14,6/1/2018 1:07,24.441,84.133,,,
15,6/1/2018 1:12,24.103,84.676,,,
16,6/1/2018 1:17,24.248,85.662,,,
17,6/1/2018 1:22,24.151,84.771,,,
18,6/1/2018 1:27,23.886,85.272,,,
19,6/1/2018 1:32,23.717,86.712,,,
20,6/1/2018 1:37,24.127,86.026,,,
21,6/1/2018 1:42,24.272,85.891,,,
22,6/1/2018 1:47,24.489,85.072,,,
23,6/1/2018 1:52,24.127,84.288,,,
24,6/1/2018 1:57,23.79,85.054,,,
25,6/1/2018 2:02,23.525,85.637,,,
26,6/1/2018 2:07,23.333,86.039,,,
27,6/1/2018 2:12,23.189,86.145,,,
28,6/1/2018 2:17,23.021,86.69,,,
29,6/1/2018 2:22,23.141,87.99,,,
30,6/1/2018 2:27,23.213,86.123,,,
31,6/1/2018 2:32,23.237,87.654,,,
32,6/1/2018 2:37,23.237,85.906,,,
33,6/1/2018 2:42,23.021,86.135,,,
34,6/1/2018 2:47,23.141,86.468,,,
35,6/1/2018 2:52,23.045,86.001,,,
36,6/1/2018 2:57,22.733,86.041,,,
37,6/1/2018 3:02,22.637,87.127,,,
38,6/1/2018 3:07,22.781,86.024,,,
39,6/1/2018 3:12,22.637,86.629,,,
40,6/1/2018 3:17,22.805,86.391,,,
41,6/1/2018 3:22,22.685,87.028,,,
42,6/1/2018 3:27,22.949,86.424,,,
43,6/1/2018 3:32,22.805,85.668,,,
44,6/1/2018 3:37,22.565,85.891,,,
45,6/1/2018 3:42,22.373,86.347,,,
46,6/1/2018 3:47,22.278,86.601,,,
47,6/1/2018 3:52,22.254,86.319,,,
48,6/1/2018 3:57,22.493,87.038,,,
49,6/1/2018 4:02,22.421,86.302,,,
50,6/1/2018 4:07,22.302,86.662,,,
51,6/1/2018 4:12,22.397,88.201,,,
52,6/1/2018 4:17,22.997,87.653,,,
53,6/1/2018 4:22,22.829,85.2,,,
54,6/1/2018 4:27,22.517,85.88,,,
55,6/1/2018 4:32,22.206,86.086,,,
56,6/1/2018 4:37,22.158,86.352,,,
57,6/1/2018 4:42,22.015,86.596,,,
58,6/1/2018 4:47,21.799,86.712,,,
59,6/1/2018 4:52,21.991,86.231,,,
60,6/1/2018 4:57,21.823,86.441,,,
61,6/1/2018 5:02,22.302,87.986,,,
62,6/1/2018 5:07,22.541,86.441,,,
63,6/1/2018 5:12,22.302,85.387,,,
64,6/1/2018 5:17,22.039,85.965,,,
65,6/1/2018 5:22,21.967,86.142,,,
66,6/1/2018 5:27,21.776,86.126,,,
67,6/1/2018 5:32,21.656,87.779,,,
68,6/1/2018 5:37,21.656,86.292,,,
69,6/1/2018 5:42,21.513,86.452,,,
70,6/1/2018 5:47,21.441,87.948,,,
71,6/1/2018 5:52,21.656,86.015,,,
72,6/1/2018 5:57,21.537,85.988,,,
73,6/1/2018 6:02,20.273,85.863,,,
74,6/1/2018 6:07,19.131,88.544,,,
75,6/1/2018 6:12,18.702,91.105,,,
76,6/1/2018 6:17,19.821,86.938,,,
77,6/1/2018 6:22,19.678,88.729,,,
78,6/1/2018 6:27,19.797,88.214,,,
79,6/1/2018 6:32,20.44,85.818,,,
80,6/1/2018 6:37,20.749,85.862,,,
81,6/1/2018 6:42,21.584,83.776,,,
82,6/1/2018 6:47,22.254,82.664,,,
83,6/1/2018 6:52,22.086,84.056,,,
84,6/1/2018 6:57,22.805,82.757,,,
85,6/1/2018 7:02,23.453,80.377,,,
86,6/1/2018 7:07,23.91,80.474,,,
87,6/1/2018 7:12,24.079,80.367,,,
88,6/1/2018 7:17,24.151,79.925,,,
89,6/1/2018 7:22,24.973,78.228,,,
90,6/1/2018 7:27,25.142,77.713,,,
91,6/1/2018 7:32,25.725,75.326,,,
92,6/1/2018 7:37,26.676,71.014,,,
93,6/1/2018 7:42,27.142,70.772,,,
94,6/1/2018 7:47,27.216,70.456,,,
95,6/1/2018 7:52,28.153,67.791,,,
96,6/1/2018 7:57,29.196,65.868,,,
97,6/1/2018 8:02,29.121,68.296,,,
98,6/1/2018 8:07,28.375,69.886,,,
99,6/1/2018 8:12,29.421,65.692,,,
100,6/1/2018 8:17,28.723,69.889,,,
101,6/1/2018 8:22,28.723,69.799,,,
102,6/1/2018 8:27,29.271,67.775,,,
103,6/1/2018 8:32,30.881,62.253,,,
104,6/1/2018 8:37,31.39,60.457,,,
105,6/1/2018 8:42,32.26,58.476,,,
106,6/1/2018 8:47,33.399,57.086,,,
107,6/1/2018 8:52,33.817,54.483,,,
108,6/1/2018 8:57,32.854,59.104,,,
109,6/1/2018 9:02,33.087,59.71,,,
110,6/1/2018 9:07,34.527,54.711,,,
111,6/1/2018 9:12,34.686,51.326,,,
112,6/1/2018 9:17,33.556,55.476,,,
113,6/1/2018 9:22,33.843,55.741,,,
114,6/1/2018 9:27,35.967,49.294,,,
115,6/1/2018 9:32,37.738,46.861,,,
116,6/1/2018 9:37,38.375,44.357,,,
117,6/1/2018 9:42,38.85,43.939,,,
118,6/1/2018 9:47,38.822,44.442,,,
119,6/1/2018 9:52,36.399,47,,,
120,6/1/2018 9:57,34.978,49.99,,,
121,6/1/2018 10:02,35.27,49.371,,,
122,6/1/2018 10:07,37.352,45.279,,,
123,6/1/2018 10:12,37.765,43.884,,,
124,6/1/2018 10:17,38.766,41.901,,,
125,6/1/2018 10:22,39.216,41.135,,,
126,6/1/2018 10:27,38.906,39.637,,,
127,6/1/2018 10:32,37.793,41.932,,,
128,6/1/2018 10:37,39.131,39.216,,,
129,6/1/2018 10:42,38.71,38.763,,,
130,6/1/2018 10:47,39.357,38.589,,,
131,6/1/2018 10:52,38.319,39.986,,,
132,6/1/2018 10:57,39.527,38.022,,,
133,6/1/2018 11:02,39.3,37.897,,,
134,6/1/2018 11:07,39.413,37.668,,,
135,6/1/2018 11:12,39.3,37.519,,,
136,6/1/2018 11:17,38.626,37.865,,,
137,6/1/2018 11:22,38.85,37.372,,,
138,6/1/2018 11:27,37.71,41.382,,,
139,6/1/2018 11:32,37.161,40.714,,,
140,6/1/2018 11:37,37.959,40.289,,,
141,6/1/2018 11:42,38.18,37.41,,,
142,6/1/2018 11:47,38.962,37.143,,,
143,6/1/2018 11:52,38.264,38.172,,,
144,6/1/2018 11:57,38.514,36.687,,,
145,6/1/2018 12:02,38.878,35.827,,,
146,6/1/2018 12:07,38.347,37.906,,,
147,6/1/2018 12:12,38.347,35.364,,,
148,6/1/2018 12:17,38.18,36.964,,,
149,6/1/2018 12:22,37.82,37.272,,,
150,6/1/2018 12:27,38.794,35.129,,,
151,6/1/2018 12:32,39.075,35.397,,,
152,6/1/2018 12:37,39.329,34.209,,,
153,6/1/2018 12:42,38.347,35.502,,,
154,6/1/2018 12:47,38.682,34.497,,,
155,6/1/2018 12:52,38.57,34.694,,,
156,6/1/2018 12:57,38.347,37.358,,,
157,6/1/2018 13:02,37.848,36.898,,,
158,6/1/2018 13:07,38.042,35.473,,,
159,6/1/2018 13:12,38.236,37.176,,,
160,6/1/2018 13:17,37.765,38.839,,,
161,6/1/2018 13:22,37.27,39.979,,,
162,6/1/2018 13:27,38.264,39.81,,,
163,6/1/2018 13:32,38.208,39.6,,,
164,6/1/2018 13:37,38.292,37.284,,,
165,6/1/2018 13:42,37.6,40.285,,,
166,6/1/2018 13:47,37.325,38.829,,,
167,6/1/2018 13:52,37.325,38.59,,,
168,6/1/2018 13:57,37.986,38.998,,,
169,6/1/2018 14:02,38.236,39.603,,,
170,6/1/2018 14:07,37.71,39.413,,,
171,6/1/2018 14:12,37.545,39.872,,,
172,6/1/2018 14:17,37.572,38.513,,,
173,6/1/2018 14:22,37.298,39.778,,,
174,6/1/2018 14:27,36.997,40.29,,,
175,6/1/2018 14:32,37.6,40.455,,,
176,6/1/2018 14:37,37.682,39.546,,,
177,6/1/2018 14:42,37.682,39.546,,,
178,6/1/2018 14:47,37.876,39.157,,,
179,6/1/2018 14:52,37.49,40.952,,,
180,6/1/2018 14:57,37.462,40.949,,,
181,6/1/2018 15:02,37.572,41.367,,,
182,6/1/2018 15:07,37.738,40.503,,,
183,6/1/2018 15:12,37.215,41.869,,,
184,6/1/2018 15:17,37.435,39.759,,,
185,6/1/2018 15:22,37.6,40.997,,,
186,6/1/2018 15:27,37.188,41.731,,,
187,6/1/2018 15:32,37.298,41.067,,,
188,6/1/2018 15:37,37.325,42.286,,,
189,6/1/2018 15:42,36.969,42.988,,,
190,6/1/2018 15:47,37.38,42.832,,,
191,6/1/2018 15:52,36.942,42.784,,,
192,6/1/2018 15:57,36.643,43.355,,,
193,6/1/2018 16:02,36.86,43.782,,,
194,6/1/2018 16:07,37.024,44.271,,,
195,6/1/2018 16:12,37.106,41.993,,,
196,6/1/2018 16:17,37.051,45.412,,,
197,6/1/2018 16:22,36.969,43.459,,,
198,6/1/2018 16:27,36.534,43.679,,,
199,6/1/2018 16:32,36.318,44.692,,,
200,6/1/2018 16:37,36.399,44.534,,,
201,6/1/2018 16:42,36.48,45.245,,,
202,6/1/2018 16:47,36.779,44.075,,,
203,6/1/2018 16:52,36.399,45.068,,,
204,6/1/2018 16:57,36.67,44.966,,,
205,6/1/2018 17:02,36.806,44.848,,,
206,6/1/2018 17:07,36.942,45.031,,,
207,6/1/2018 17:12,36.67,45.901,,,
208,6/1/2018 17:17,36.345,46.395,,,
209,6/1/2018 17:22,36.209,47.043,,,
210,6/1/2018 17:27,36.291,46.854,,,
211,6/1/2018 17:32,35.94,47.541,,,
212,6/1/2018 17:37,36.102,48.09,,,
213,6/1/2018 17:42,35.806,48.12,,,
214,6/1/2018 17:47,35.671,49.52,,,
215,6/1/2018 17:52,35.698,47.974,,,
216,6/1/2018 17:57,35.832,48.684,,,
217,6/1/2018 18:02,35.645,48.694,,,
218,6/1/2018 18:07,35.404,49.848,,,
219,6/1/2018 18:12,35.19,50.312,,,
220,6/1/2018 18:17,35.19,50.869,,,
221,6/1/2018 18:22,35.004,51.824,,,
222,6/1/2018 18:27,34.818,52.516,,,
223,6/1/2018 18:32,34.845,52.974,,,
224,6/1/2018 18:37,34.818,53.101,,,
225,6/1/2018 18:42,34.501,53.706,,,
226,6/1/2018 18:47,34.079,55.711,,,
227,6/1/2018 18:52,33.922,55.945,,,
228,6/1/2018 18:57,33.817,56.283,,,
229,6/1/2018 19:02,33.556,56.758,,,
230,6/1/2018 19:07,33.477,57.13,,,
231,6/1/2018 19:12,33.191,58.235,,,
232,6/1/2018 19:17,33.087,60.468,,,
233,6/1/2018 19:22,32.802,60.897,,,
234,6/1/2018 19:27,32.854,61.44,,,
235,6/1/2018 19:32,32.776,61.805,,,
236,6/1/2018 19:37,32.518,61.952,,,
237,6/1/2018 19:42,32.209,63.466,,,
238,6/1/2018 19:47,32.106,63.885,,,
239,6/1/2018 19:52,31.926,65.283,,,
240,6/1/2018 19:57,31.696,65.893,,,
241,6/1/2018 20:02,32.389,70.005,,,
242,6/1/2018 20:07,33.139,69.098,,,
243,6/1/2018 20:12,33.451,67.46,,,
244,6/1/2018 20:17,33.608,66.124,,,
245,6/1/2018 20:22,33.712,65.365,,,
246,6/1/2018 20:27,33.608,66.279,,,
247,6/1/2018 20:32,33.504,65.019,,,
248,6/1/2018 20:37,33.399,65.592,,,
249,6/1/2018 20:42,33.295,65.947,,,
250,6/1/2018 20:47,33.191,67.075,,,
251,6/1/2018 20:52,33.113,67.525,,,
252,6/1/2018 20:57,32.983,66.761,,,
253,6/1/2018 21:02,32.906,67.088,,,
254,6/1/2018 21:07,32.854,68.188,,,
255,6/1/2018 21:12,32.88,67.608,,,
256,6/1/2018 21:17,32.802,67.748,,,
257,6/1/2018 21:22,32.776,67.928,,,
258,6/1/2018 21:27,32.75,68.232,,,
259,6/1/2018 21:32,32.647,67.691,,,
260,6/1/2018 21:37,32.595,67.62,,,
261,6/1/2018 21:42,32.492,67.14,,,
262,6/1/2018 21:47,32.389,68.659,,,
263,6/1/2018 21:52,32.26,68.176,,,
264,6/1/2018 21:57,32.209,68.29,,,
265,6/1/2018 22:02,32.132,68.338,,,
266,6/1/2018 22:07,32.132,68.522,,,
267,6/1/2018 22:12,32.003,68.683,,,
268,6/1/2018 22:17,31.978,69.137,,,
269,6/1/2018 22:22,31.978,69.84,,,
270,6/1/2018 22:27,31.978,69.473,,,
271,6/1/2018 22:32,31.952,69.225,,,
272,6/1/2018 22:37,31.85,68.778,,,
273,6/1/2018 22:42,31.798,70.051,,,
274,6/1/2018 22:47,31.798,69.929,,,
275,6/1/2018 22:52,31.824,70.33,,,
276,6/1/2018 22:57,31.85,70.486,,,
277,6/1/2018 23:02,31.824,69.995,,,
278,6/1/2018 23:07,31.824,69.599,,,
279,6/1/2018 23:12,31.773,70.624,,,
280,6/1/2018 23:17,31.722,70.797,,,
281,6/1/2018 23:22,31.747,70.772,,,
282,6/1/2018 23:27,31.747,69.829,,,
283,6/1/2018 23:32,31.696,70.58,,,
284,6/1/2018 23:37,31.619,70.445,,,
285,6/1/2018 23:42,31.594,70.835,,,
286,6/1/2018 23:47,31.594,70.47,,,
287,6/1/2018 23:52,31.619,71.264,,,
288,6/1/2018 23:57,31.568,71.255,,,
289,6/2/2018 0:02,31.543,71.311,,,
290,6/2/2018 0:07,31.517,70.942,,,
291,6/2/2018 0:12,31.517,71.336,,,
292,6/2/2018 0:17,31.517,71.911,,,
293,6/2/2018 0:22,31.415,71.227,,,
294,6/2/2018 0:27,31.313,71.813,,,
295,6/2/2018 0:32,31.262,72.528,,,
296,6/2/2018 0:37,31.39,71.434,,,
297,6/2/2018 0:42,31.288,72.984,,,
298,6/2/2018 0:47,31.262,72.226,,,
299,6/2/2018 0:52,31.237,72.282,,,
300,6/2/2018 0:57,31.288,73.014,,,
301,6/2/2018 1:02,31.339,73.265,,,
302,6/2/2018 1:07,31.339,72.964,,,
303,6/2/2018 1:12,31.262,72.317,,,
304,6/2/2018 1:17,31.211,72.91,,,
305,6/2/2018 1:22,31.262,73.01,,,
306,6/2/2018 1:27,31.211,73.421,,,
307,6/2/2018 1:32,31.186,73.116,,,
308,6/2/2018 1:37,31.237,73.486,,,
309,6/2/2018 1:42,31.135,75.292,,,
310,6/2/2018 1:47,30.907,75.962,,,
311,6/2/2018 1:52,30.831,75.561,,,
312,6/2/2018 1:57,30.78,76.205,,,
313,6/2/2018 2:02,30.679,78.079,,,
314,6/2/2018 2:07,30.3,80.173,,,
315,6/2/2018 2:12,29.897,81.022,,,
316,6/2/2018 2:17,29.822,80.511,,,
317,6/2/2018 2:22,29.872,80.638,,,
318,6/2/2018 2:27,29.947,79.954,,,
319,6/2/2018 2:32,29.973,79.871,,,
320,6/2/2018 2:37,30.073,79.219,,,
321,6/2/2018 2:42,30.098,78.99,,,
322,6/2/2018 2:47,30.199,78.482,,,
323,6/2/2018 2:52,30.3,78.767,,,
324,6/2/2018 2:57,30.476,77.89,,,
325,6/2/2018 3:02,30.527,73.591,,,
326,6/2/2018 3:07,28.177,69.64,,,
327,6/2/2018 3:12,26.407,68.599,,,
328,6/2/2018 3:17,25.506,67.987,,,
329,6/2/2018 3:22,24.852,69.992,,,
330,6/2/2018 3:27,24.634,71.968,,,
331,6/2/2018 3:32,23.573,76.613,,,
332,6/2/2018 3:37,23.261,76.203,,,
333,6/2/2018 3:42,23.021,76.934,,,
334,6/2/2018 3:47,22.781,78.637,,,
335,6/2/2018 3:52,22.661,78.067,,,
336,6/2/2018 3:57,22.469,78.857,,,
337,6/2/2018 4:02,22.326,79.056,,,
338,6/2/2018 4:07,21.728,81.339,,,
339,6/2/2018 4:12,21.608,82.551,,,
340,6/2/2018 4:17,21.68,81.047,,,
341,6/2/2018 4:22,21.704,81.165,,,
342,6/2/2018 4:27,22.015,80.808,,,
343,6/2/2018 4:32,22.589,82.034,,,
344,6/2/2018 4:37,23.021,81.958,,,
345,6/2/2018 4:42,23.381,81.98,,,
346,6/2/2018 4:47,23.165,79.974,,,
347,6/2/2018 4:52,22.757,78.202,,,
348,6/2/2018 4:57,22.589,80.335,,,
349,6/2/2018 5:02,22.877,81.814,,,
350,6/2/2018 5:07,23.213,79.184,,,
351,6/2/2018 5:12,23.213,80.98,,,
352,6/2/2018 5:17,23.261,80.848,,,
353,6/2/2018 5:22,23.453,81.202,,,
354,6/2/2018 5:27,23.597,81.885,,,
355,6/2/2018 5:32,23.693,80.571,,,
356,6/2/2018 5:37,23.79,80.762,,,
357,6/2/2018 5:42,23.934,79.221,,,
358,6/2/2018 5:47,24.006,79.78,,,
359,6/2/2018 5:52,24.031,79.27,,,
360,6/2/2018 5:57,19.963,87.381,,,
361,6/2/2018 6:02,18.679,88.03,,,
362,6/2/2018 6:07,18.441,89.942,,,
363,6/2/2018 6:12,18.441,90.318,,,
364,6/2/2018 6:17,18.322,90.369,,,
365,6/2/2018 6:22,18.322,90.664,,,
366,6/2/2018 6:27,18.227,91.655,,,
367,6/2/2018 6:32,18.013,92.027,,,
368,6/2/2018 6:37,18.037,91.554,,,
369,6/2/2018 6:42,18.037,91.767,,,
370,6/2/2018 6:47,17.989,91.675,,,
371,6/2/2018 6:52,18.084,92.416,,,
372,6/2/2018 6:57,18.227,91.761,,,
373,6/2/2018 7:02,18.441,91.548,,,
374,6/2/2018 7:07,18.584,90.782,,,
375,6/2/2018 7:12,18.702,90.704,,,
376,6/2/2018 7:17,18.869,90.208,,,
377,6/2/2018 7:22,19.321,88.861,,,
378,6/2/2018 7:27,19.297,87.933,,,
379,6/2/2018 7:32,19.202,88.832,,,
380,6/2/2018 7:37,19.44,88.51,,,
381,6/2/2018 7:42,20.011,86.654,,,
382,6/2/2018 7:47,19.749,87.658,,,
383,6/2/2018 7:52,20.344,85.824,,,
384,6/2/2018 7:57,21.728,80.208,,,
385,6/2/2018 8:02,23.045,76.188,,,
386,6/2/2018 8:07,23.717,75.017,,,
387,6/2/2018 8:12,25.118,68.847,,,
388,6/2/2018 8:17,25.264,67.343,,,
389,6/2/2018 8:22,25.944,65.162,,,
390,6/2/2018 8:27,25.652,68.013,,,
391,6/2/2018 8:32,25.118,68.877,,,
392,6/2/2018 8:37,26.823,63.723,,,
393,6/2/2018 8:42,27.142,64.236,,,
394,6/2/2018 8:47,28.698,59.226,,,
395,6/2/2018 8:52,30.729,59.695,,,
396,6/2/2018 8:57,30.704,57.072,,,
397,6/2/2018 9:02,30.907,55.895,,,
398,6/2/2018 9:07,28.45,65.282,,,
399,6/2/2018 9:12,27.56,63.723,,,
400,6/2/2018 9:17,26.897,62.877,,,
401,6/2/2018 9:22,27.216,63.482,,,
402,6/2/2018 9:27,26.505,67.078,,,
403,6/2/2018 9:32,23.958,73.105,,,
404,6/2/2018 9:37,23.693,73.611,,,
405,6/2/2018 9:42,27.093,63.921,,,
406,6/2/2018 9:47,26.017,66.841,,,
407,6/2/2018 9:52,25.094,72.941,,,
408,6/2/2018 9:57,24.392,71.361,,,
409,6/2/2018 10:02,25.385,68.446,,,
410,6/2/2018 10:07,25.142,69.628,,,
411,6/2/2018 10:12,25.968,65.652,,,
412,6/2/2018 10:17,23.982,73.491,,,
413,6/2/2018 10:22,24.779,69.592,,,
414,6/2/2018 10:27,26.285,65.919,,,
415,6/2/2018 10:32,26.066,66.002,,,
416,6/2/2018 10:37,25.968,65.197,,,
417,6/2/2018 10:42,28.897,56.995,,,
418,6/2/2018 10:47,27.511,62.608,,,
419,6/2/2018 10:52,29.121,54.241,,,
420,6/2/2018 10:57,30.325,50.397,,,
421,6/2/2018 11:02,29.146,54.372,,,
422,6/2/2018 11:07,31.364,49.104,,,
423,6/2/2018 11:12,28.177,56.322,,,
424,6/2/2018 11:17,27.142,59.889,,,
425,6/2/2018 11:22,30.881,50.76,,,
426,6/2/2018 11:27,28.798,55.844,,,
427,6/2/2018 11:32,29.797,52.033,,,
428,6/2/2018 11:37,30.275,55.136,,,
429,6/2/2018 11:42,29.696,52.661,,,
430,6/2/2018 11:47,29.146,54.054,,,
431,6/2/2018 11:52,29.271,55.533,,,
432,6/2/2018 11:57,29.822,52.197,,,
433,6/2/2018 12:02,27.733,59.171,,,
434,6/2/2018 12:07,27.511,60.164,,,
435,6/2/2018 12:12,28.723,58.603,,,
436,6/2/2018 12:17,29.897,54.764,,,
437,6/2/2018 12:22,30.174,54.293,,,
438,6/2/2018 12:27,27.905,62.24,,,
439,6/2/2018 12:32,28.798,55.686,,,
440,6/2/2018 12:37,29.271,51.994,,,
441,6/2/2018 12:42,31.034,48.118,,,
442,6/2/2018 12:47,30.502,50.581,,,
443,6/2/2018 12:52,28.128,55.873,,,
444,6/2/2018 12:57,28.475,56.681,,,
445,6/2/2018 13:02,27.069,58.726,,,
446,6/2/2018 13:07,26.946,60.912,,,
447,6/2/2018 13:12,26.31,59.914,,,
448,6/2/2018 13:17,26.725,60.567,,,
449,6/2/2018 13:22,29.096,53.919,,,
450,6/2/2018 13:27,30.426,52.279,,,
451,6/2/2018 13:32,29.646,58.241,,,
452,6/2/2018 13:37,26.212,59.682,,,
453,6/2/2018 13:42,26.212,63.836,,,
454,6/2/2018 13:47,26.017,62.518,,,
455,6/2/2018 13:52,26.946,58.988,,,
456,6/2/2018 13:57,27.609,57.307,,,
457,6/2/2018 14:02,28.574,55.527,,,
458,6/2/2018 14:07,28.4,60.427,,,
459,6/2/2018 14:12,27.536,57.766,,,
460,6/2/2018 14:17,28.029,55.101,,,
461,6/2/2018 14:22,29.047,53.785,,,
462,6/2/2018 14:27,27.609,55.609,,,
463,6/2/2018 14:32,27.437,56.497,,,
464,6/2/2018 14:37,27.634,56.872,,,
465,6/2/2018 14:42,27.56,54.907,,,
466,6/2/2018 14:47,27.807,56.173,,,
467,6/2/2018 14:52,27.634,54.792,,,
468,6/2/2018 14:57,26.995,54.637,,,
469,6/2/2018 15:02,28.798,51.033,,,
470,6/2/2018 15:07,27.93,52.547,,,
471,6/2/2018 15:12,27.363,51.769,,,
472,6/2/2018 15:17,27.708,52.007,,,
473,6/2/2018 15:22,27.388,49.563,,,
474,6/2/2018 15:27,27.511,49.708,,,
475,6/2/2018 15:32,27.511,48.71,,,
476,6/2/2018 15:37,27.24,47.967,,,
477,6/2/2018 15:42,27.339,48.173,,,
478,6/2/2018 15:47,27.733,45.499,,,
479,6/2/2018 15:52,27.659,46.108,,,
480,6/2/2018 15:57,27.683,49.794,,,
481,6/2/2018 16:02,27.659,49.92,,,
482,6/2/2018 16:07,27.609,50.074,,,
483,6/2/2018 16:12,27.437,49.409,,,
484,6/2/2018 16:17,28.202,44.445,,,
485,6/2/2018 16:22,27.339,47.301,,,
486,6/2/2018 16:27,28.475,46.24,,,
487,6/2/2018 16:32,27.56,46.031,,,
488,6/2/2018 16:37,27.462,47.898,,,
489,6/2/2018 16:42,27.536,50.321,,,
490,6/2/2018 16:47,27.486,49.061,,,
491,6/2/2018 16:52,27.881,47.724,,,
492,6/2/2018 16:57,27.881,48.241,,,
493,6/2/2018 17:02,27.757,47.385,,,
494,6/2/2018 17:07,27.757,45.795,,,
495,6/2/2018 17:12,27.363,46.365,,,
496,6/2/2018 17:17,27.29,45.219,,,
497,6/2/2018 17:22,27.339,44.084,,,
498,6/2/2018 17:27,27.363,43.433,,,
499,6/2/2018 17:32,27.24,46.09,,,
500,6/2/2018 17:37,27.486,43.316,,,
501,6/2/2018 17:42,26.946,44.364,,,
502,6/2/2018 17:47,27.044,44.832,,,
503,6/2/2018 17:52,27.069,46.685,,,
504,6/2/2018 17:57,26.75,46.355,,,
505,6/2/2018 18:02,27.118,45.816,,,
506,6/2/2018 18:07,26.97,45.701,,,
507,6/2/2018 18:12,27.069,46.394,,,
508,6/2/2018 18:17,27.24,45.895,,,
509,6/2/2018 18:22,26.872,45.332,,,
510,6/2/2018 18:27,27.019,44.307,,,
511,6/2/2018 18:32,27.462,45.402,,,
512,6/2/2018 18:37,27.511,45.863,,,
513,6/2/2018 18:42,27.339,45.647,,,
514,6/2/2018 18:47,27.118,46.043,,,
515,6/2/2018 18:52,26.725,46.999,,,
516,6/2/2018 18:57,26.628,47.568,,,
517,6/2/2018 19:02,26.285,47.331,,,
518,6/2/2018 19:07,26.407,44.854,,,
519,6/2/2018 19:12,26.823,48.784,,,
520,6/2/2018 19:17,27.118,50.81,,,
521,6/2/2018 19:22,27.24,51.848,,,
522,6/2/2018 19:27,27.069,51.856,,,
523,6/2/2018 19:32,26.823,51.95,,,
524,6/2/2018 19:37,26.456,50.881,,,
525,6/2/2018 19:42,26.017,53.994,,,
526,6/2/2018 19:47,26.701,53.362,,,
527,6/2/2018 19:52,26.799,57.061,,,
528,6/2/2018 19:57,26.848,60.153,,,
529,6/2/2018 20:02,26.872,62.011,,,
530,6/2/2018 20:07,26.579,66.394,,,
531,6/2/2018 20:12,26.163,67.471,,,
532,6/2/2018 20:17,25.725,70.808,,,
533,6/2/2018 20:22,25.264,71.762,,,
534,6/2/2018 20:27,24.779,73.792,,,
535,6/2/2018 20:32,24.32,77.661,,,
536,6/2/2018 20:37,23.862,79.807,,,
537,6/2/2018 20:42,23.477,80.866,,,
538,6/2/2018 20:47,23.141,81.248,,,
539,6/2/2018 20:52,23.261,80.308,,,
540,6/2/2018 20:57,22.949,82.14,,,
541,6/2/2018 21:02,22.565,81.775,,,
542,6/2/2018 21:07,22.278,84.267,,,
543,6/2/2018 21:12,22.039,85.049,,,
544,6/2/2018 21:17,21.823,85.222,,,
545,6/2/2018 21:22,21.656,85.517,,,
546,6/2/2018 21:27,21.513,86.093,,,
547,6/2/2018 21:32,21.967,83.274,,,
548,6/2/2018 21:37,22.278,81.797,,,
549,6/2/2018 21:42,21.967,85.644,,,
550,6/2/2018 21:47,22.134,82.722,,,
551,6/2/2018 21:52,21.919,86.076,,,
552,6/2/2018 21:57,21.728,86.391,,,
553,6/2/2018 22:02,21.752,84.288,,,
554,6/2/2018 22:07,21.537,86.706,,,
555,6/2/2018 22:12,21.226,86.551,,,
556,6/2/2018 22:17,21.441,85.994,,,
557,6/2/2018 22:22,21.465,85.279,,,
558,6/2/2018 22:27,21.489,86.143,,,
559,6/2/2018 22:32,21.107,86.991,,,
560,6/2/2018 22:37,20.916,87.359,,,
561,6/2/2018 22:42,20.773,87.353,,,
562,6/2/2018 22:47,20.678,87.275,,,
563,6/2/2018 22:52,20.606,87.697,,,
564,6/2/2018 22:57,20.988,85.254,,,
565,6/2/2018 23:02,20.94,86.623,,,
566,6/2/2018 23:07,20.678,86.946,,,
567,6/2/2018 23:12,20.44,87.028,,,
568,6/2/2018 23:17,20.583,87.582,,,
569,6/2/2018 23:22,20.869,87.347,,,
570,6/2/2018 23:27,20.773,86.364,,,
571,6/2/2018 23:32,21.131,83.898,,,
572,6/2/2018 23:37,21.226,82.914,,,
573,6/2/2018 23:42,21.012,84.094,,,
574,6/2/2018 23:47,21.107,83.725,,,
575,6/2/2018 23:52,20.702,86.512,,,
576,6/2/2018 23:57,20.726,86.298,,,
577,6/3/2018 0:02,20.583,85.879,,,
578,6/3/2018 0:07,20.892,83.231,,,
579,6/3/2018 0:12,20.702,85.548,,,
580,6/3/2018 0:17,20.845,83.973,,,
581,6/3/2018 0:22,20.821,84.994,,,
582,6/3/2018 0:27,20.821,85.05,,,
583,6/3/2018 0:32,21.012,83.118,,,
584,6/3/2018 0:37,20.797,85.155,,,
585,6/3/2018 0:42,20.249,86.022,,,
586,6/3/2018 0:47,19.844,86.943,,,
587,6/3/2018 0:52,19.559,87.722,,,
588,6/3/2018 0:57,19.464,88.19,,,
589,6/3/2018 1:02,19.725,88.252,,,
590,6/3/2018 1:07,20.249,86.791,,,
591,6/3/2018 1:12,20.416,84.93,,,
592,6/3/2018 1:17,20.201,86.89,,,
593,6/3/2018 1:22,20.416,85.73,,,
594,6/3/2018 1:27,20.178,87.213,,,
595,6/3/2018 1:32,20.273,85.89,,,
596,6/3/2018 1:37,20.368,85.085,,,
597,6/3/2018 1:42,19.94,86.226,,,
598,6/3/2018 1:47,19.559,86.576,,,
599,6/3/2018 1:52,19.131,87.512,,,
600,6/3/2018 1:57,18.893,88.027,,,
601,6/3/2018 2:02,18.702,88.28,,,
602,6/3/2018 2:07,18.607,88.906,,,
603,6/3/2018 2:12,18.679,89.031,,,
604,6/3/2018 2:17,19.25,87.595,,,
605,6/3/2018 2:22,19.107,87.507,,,
606,6/3/2018 2:27,18.94,88.391,,,
607,6/3/2018 2:32,19.25,87.595,,,
608,6/3/2018 2:37,19.273,86.946,,,
609,6/3/2018 2:42,19.178,87.687,,,
610,6/3/2018 2:47,19.035,88.196,,,
611,6/3/2018 2:52,19.416,86.624,,,
612,6/3/2018 2:57,19.44,86.767,,,
613,6/3/2018 3:02,19.345,86.717,,,
614,6/3/2018 3:07,19.535,86.625,,,
615,6/3/2018 3:12,19.25,87.268,,,
616,6/3/2018 3:17,19.297,87.007,,,
617,6/3/2018 3:22,19.392,86.482,,,
618,6/3/2018 3:27,19.25,87.486,,,
619,6/3/2018 3:32,19.368,85.49,,,
620,6/3/2018 3:37,19.107,87.588,,,
621,6/3/2018 3:42,19.273,86.509,,,
622,6/3/2018 3:47,19.012,87.321,,,
623,6/3/2018 3:52,19.178,86.378,,,
624,6/3/2018 3:57,18.869,87.94,,,
625,6/3/2018 4:02,19.059,86.514,,,
626,6/3/2018 4:07,18.893,87.184,,,
627,6/3/2018 4:12,18.774,87.265,,,
628,6/3/2018 4:17,18.917,85.769,,,
629,6/3/2018 4:22,18.655,86.91,,,
630,6/3/2018 4:27,18.393,86.604,,,
631,6/3/2018 4:32,18.203,87.076,,,
632,6/3/2018 4:37,17.965,87.725,,,
633,6/3/2018 4:42,18.37,87.224,,,
634,6/3/2018 4:47,18.441,87.513,,,
635,6/3/2018 4:52,18.631,86.141,,,
636,6/3/2018 4:57,18.441,87.187,,,
637,6/3/2018 5:02,18.702,85.419,,,
638,6/3/2018 5:07,18.56,86.779,,,
639,6/3/2018 5:12,18.227,87.028,,,
640,6/3/2018 5:17,17.989,87.379,,,
641,6/3/2018 5:22,17.775,87.977,,,
642,6/3/2018 5:27,17.87,88.567,,,
643,6/3/2018 5:32,18.274,86.549,,,
644,6/3/2018 5:37,18.179,87.424,,,
645,6/3/2018 5:42,18.251,87.087,,,
646,6/3/2018 5:47,17.965,88.482,,,
647,6/3/2018 5:52,18.298,86.963,,,
648,6/3/2018 5:57,17.68,79.988,,,
649,6/3/2018 6:02,16.371,85.208,,,
650,6/3/2018 6:07,15.321,86.909,,,
651,6/3/2018 6:12,15.13,88.603,,,
652,6/3/2018 6:17,17.585,82.413,,,
653,6/3/2018 6:22,16.704,81.914,,,
654,6/3/2018 6:27,16.799,83.476,,,
655,6/3/2018 6:32,17.061,82.958,,,
656,6/3/2018 6:37,17.585,80.526,,,
657,6/3/2018 6:42,18.06,80.601,,,
658,6/3/2018 6:47,18.584,77.734,,,
659,6/3/2018 6:52,19.226,76.704,,,
660,6/3/2018 6:57,19.535,75.854,,,
661,6/3/2018 7:02,20.082,73.981,,,
662,6/3/2018 7:07,20.869,71.462,,,
663,6/3/2018 7:12,21.37,71,,,
664,6/3/2018 7:17,21.871,68.766,,,
665,6/3/2018 7:22,22.685,66.32,,,
666,6/3/2018 7:27,23.357,65.205,,,
667,6/3/2018 7:32,23.814,64.286,,,
668,6/3/2018 7:37,23.934,62.849,,,
669,6/3/2018 7:42,24.731,60.96,,,
670,6/3/2018 7:47,25.07,60.583,,,
671,6/3/2018 7:52,25.725,57.026,,,
672,6/3/2018 7:57,26.139,57.151,,,
673,6/3/2018 8:02,26.359,56.683,,,
674,6/3/2018 8:07,26.505,55.26,,,
675,6/3/2018 8:12,27.536,54.841,,,
676,6/3/2018 8:17,27.142,55.604,,,
677,6/3/2018 8:22,27.609,55.104,,,
678,6/3/2018 8:27,28.45,49.83,,,
679,6/3/2018 8:32,29.596,51.878,,,
680,6/3/2018 8:37,31.926,46.789,,,
681,6/3/2018 8:42,32.209,47.479,,,
682,6/3/2018 8:47,32.415,46.946,,,
683,6/3/2018 8:52,33.582,40.639,,,
684,6/3/2018 8:57,34.554,40.439,,,
685,6/3/2018 9:02,34.871,35.862,,,
686,6/3/2018 9:07,35.164,39.896,,,
687,6/3/2018 9:12,35.111,37.553,,,
688,6/3/2018 9:17,32.389,41.615,,,
689,6/3/2018 9:22,31.85,44.277,,,
690,6/3/2018 9:27,33.896,39.158,,,
691,6/3/2018 9:32,34.792,36.604,,,
692,6/3/2018 9:37,36.102,34.435,,,
693,6/3/2018 9:42,36.318,33.077,,,
694,6/3/2018 9:47,36.291,32.246,,,
695,6/3/2018 9:52,35.377,32.65,,,
696,6/3/2018 9:57,32.132,37.631,,,
697,6/3/2018 10:02,29.521,41.502,,,
698,6/3/2018 10:07,28.524,43.434,,,
699,6/3/2018 10:12,29.096,38.199,,,
700,6/3/2018 10:17,31.568,34.838,,,
701,6/3/2018 10:22,33.165,30.774,,,
702,6/3/2018 10:27,34.712,29.864,,,
703,6/3/2018 10:32,32.26,35.072,,,
704,6/3/2018 10:37,31.059,36.042,,,
705,6/3/2018 10:42,30.603,36.133,,,
706,6/3/2018 10:47,30.199,38.311,,,
707,6/3/2018 10:52,31.67,35.763,,,
708,6/3/2018 10:57,31.824,37.601,,,
709,6/3/2018 11:02,30.932,35.692,,,
710,6/3/2018 11:07,31.773,31.618,,,
711,6/3/2018 11:12,32.854,33.969,,,
712,6/3/2018 11:17,32.854,35.263,,,
713,6/3/2018 11:22,33.504,35.256,,,
714,6/3/2018 11:27,32.286,30.667,,,
715,6/3/2018 11:32,31.978,32.047,,,
716,6/3/2018 11:37,31.773,32.747,,,
717,6/3/2018 11:42,32.983,28.584,,,
718,6/3/2018 11:47,32.595,30.623,,,
719,6/3/2018 11:52,33.295,29.023,,,
720,6/3/2018 11:57,34.739,30.904,,,
721,6/3/2018 12:02,33.53,32.764,,,
722,6/3/2018 12:07,32.569,31.549,,,
723,6/3/2018 12:12,33.582,27.484,,,
724,6/3/2018 12:17,34.132,27.177,,,
725,6/3/2018 12:22,32.209,34.932,,,
726,6/3/2018 12:27,33.477,28.553,,,
727,6/3/2018 12:32,33.504,26.329,,,
728,6/3/2018 12:37,31.161,33.646,,,
729,6/3/2018 12:42,30.275,33.193,,,
730,6/3/2018 12:47,31.339,30.622,,,
731,6/3/2018 12:52,31.11,35.506,,,
732,6/3/2018 12:57,30.653,32.069,,,
733,6/3/2018 13:02,29.947,33.537,,,
734,6/3/2018 13:07,30.275,31.832,,,
735,6/3/2018 13:12,29.897,33.6,,,
736,6/3/2018 13:17,30.3,35.97,,,
737,6/3/2018 13:22,30.199,33.593,,,
738,6/3/2018 13:27,30.603,33.698,,,
739,6/3/2018 13:32,30.174,34.269,,,
740,6/3/2018 13:37,29.772,32.741,,,
741,6/3/2018 13:42,30.073,36.486,,,
742,6/3/2018 13:47,29.296,34.56,,,
743,6/3/2018 13:52,29.722,31.171,,,
744,6/3/2018 13:57,29.546,34.482,,,
745,6/3/2018 14:02,29.922,36.841,,,
746,6/3/2018 14:07,29.973,33.844,,,
747,6/3/2018 14:12,29.571,35.058,,,
748,6/3/2018 14:17,30.023,35.876,,,
749,6/3/2018 14:22,29.646,35.301,,,
750,6/3/2018 14:27,29.998,34.794,,,
751,6/3/2018 14:32,29.822,33.492,,,
752,6/3/2018 14:37,29.822,32.541,,,
753,6/3/2018 14:42,30.3,32.073,,,
754,6/3/2018 14:47,30.149,31.412,,,
755,6/3/2018 14:52,30.527,32.399,,,
756,6/3/2018 14:57,30.502,31.647,,,
757,6/3/2018 15:02,30.628,31.794,,,
758,6/3/2018 15:07,30.881,34.266,,,
759,6/3/2018 15:12,30.502,31.032,,,
760,6/3/2018 15:17,30.932,31.649,,,
761,6/3/2018 15:22,30.603,33.562,,,
762,6/3/2018 15:27,29.747,33.146,,,
763,6/3/2018 15:32,30.249,32.715,,,
764,6/3/2018 15:37,30.149,33.182,,,
765,6/3/2018 15:42,30.275,32.717,,,
766,6/3/2018 15:47,30.325,32.858,,,
767,6/3/2018 15:52,30.476,31.883,,,
768,6/3/2018 15:57,30.325,31.734,,,
769,6/3/2018 16:02,30.073,33.921,,,
770,6/3/2018 16:07,30.275,31.832,,,
771,6/3/2018 16:12,30.35,33.369,,,
772,6/3/2018 16:17,30.401,32.694,,,
773,6/3/2018 16:22,30.679,32.037,,,
774,6/3/2018 16:27,30.502,32.431,,,
775,6/3/2018 16:32,30.577,32.403,,,
776,6/3/2018 16:37,30.275,30.739,,,
777,6/3/2018 16:42,30.249,32.511,,,
778,6/3/2018 16:47,29.973,31.738,,,
779,6/3/2018 16:52,30.123,32.262,,,
780,6/3/2018 16:57,30.325,32.381,,,
781,6/3/2018 17:02,30.275,31.354,,,
782,6/3/2018 17:07,30.704,30.844,,,
783,6/3/2018 17:12,30.325,32.824,,,
784,6/3/2018 17:17,30.704,31.22,,,
785,6/3/2018 17:22,30.729,33.097,,,
786,6/3/2018 17:27,30.174,33.591,,,
787,6/3/2018 17:32,30.527,32.535,,,
788,6/3/2018 17:37,31.237,30.785,,,
789,6/3/2018 17:42,31.645,31.95,,,
790,6/3/2018 17:47,32.132,33.12,,,
791,6/3/2018 17:52,31.978,32.252,,,
792,6/3/2018 17:57,31.339,31.068,,,
793,6/3/2018 18:02,30.375,33.813,,,
794,6/3/2018 18:07,30.78,36.285,,,
795,6/3/2018 18:12,29.221,33.641,,,
796,6/3/2018 18:17,28.475,36.599,,,
797,6/3/2018 18:22,28.45,36.63,,,
798,6/3/2018 18:27,28.375,34.777,,,
799,6/3/2018 18:32,28.524,34.455,,,
800,6/3/2018 18:37,29.446,35.046,,,
801,6/3/2018 18:42,29.772,33.114,,,
802,6/3/2018 18:47,29.747,32.671,,,
803,6/3/2018 18:52,29.546,33.704,,,
804,6/3/2018 18:57,29.296,33.614,,,
805,6/3/2018 19:02,29.047,34.334,,,
806,6/3/2018 19:07,28.872,33.541,,,
807,6/3/2018 19:12,28.822,34.718,,,
808,6/3/2018 19:17,28.599,37.615,,,
809,6/3/2018 19:22,28.997,41.511,,,
810,6/3/2018 19:27,29.196,50.41,,,
811,6/3/2018 19:32,29.171,52.749,,,
812,6/3/2018 19:37,28.922,55.197,,,
813,6/3/2018 19:42,28.475,56.87,,,
814,6/3/2018 19:47,27.98,58.178,,,
815,6/3/2018 19:52,27.831,58.656,,,
816,6/3/2018 19:57,28.078,60.657,,,
817,6/3/2018 20:02,28.723,63.237,,,
818,6/3/2018 20:07,28.748,65.394,,,
819,6/3/2018 20:12,28.847,65.564,,,
820,6/3/2018 20:17,28.252,70.436,,,
821,6/3/2018 20:22,27.585,72.258,,,
822,6/3/2018 20:27,26.97,73.773,,,
823,6/3/2018 20:32,26.359,76.008,,,
824,6/3/2018 20:37,25.701,78.609,,,
825,6/3/2018 20:42,25.409,78.231,,,
826,6/3/2018 20:47,25.336,78.592,,,
827,6/3/2018 20:52,24.682,79.004,,,
828,6/3/2018 20:57,24.392,77.733,,,
829,6/3/2018 21:02,23.79,79.133,,,
830,6/3/2018 21:07,24.006,75.946,,,
831,6/3/2018 21:12,24.175,75.253,,,
832,6/3/2018 21:17,23.645,80.788,,,
833,6/3/2018 21:22,23.069,82.449,,,
834,6/3/2018 21:27,22.709,83.299,,,
835,6/3/2018 21:32,22.637,82.664,,,
836,6/3/2018 21:37,23.261,79.909,,,
837,6/3/2018 21:42,23.213,82.48,,,
838,6/3/2018 21:47,22.709,83.804,,,
839,6/3/2018 21:52,22.901,80.43,,,
840,6/3/2018 21:57,22.637,82.833,,,
841,6/3/2018 22:02,22.733,79.882,,,
842,6/3/2018 22:07,22.493,83.026,,,
843,6/3/2018 22:12,21.991,84.565,,,
844,6/3/2018 22:17,21.656,84.962,,,
845,6/3/2018 22:22,21.465,85.612,,,
846,6/3/2018 22:27,21.919,82.169,,,
847,6/3/2018 22:32,22.661,80.833,,,
848,6/3/2018 22:37,22.685,80.81,,,
849,6/3/2018 22:42,22.541,81.091,,,
850,6/3/2018 22:47,22.326,81.61,,,
851,6/3/2018 22:52,22.302,79.933,,,
852,6/3/2018 22:57,22.158,82.334,,,
853,6/3/2018 23:02,21.608,84.645,,,
854,6/3/2018 23:07,21.203,85.966,,,
855,6/3/2018 23:12,21.012,86.639,,,
856,6/3/2018 23:17,20.916,87.057,,,
857,6/3/2018 23:22,21.417,83.18,,,
858,6/3/2018 23:27,21.298,85.657,,,
859,6/3/2018 23:32,21.012,87.024,,,
860,6/3/2018 23:37,20.964,85.497,,,
861,6/3/2018 23:42,21.68,82.791,,,
862,6/3/2018 23:47,21.608,83.558,,,
863,6/3/2018 23:52,21.25,85.397,,,
864,6/3/2018 23:57,21.179,83.825,,,
865,6/4/2018 0:02,21.203,83.914,,,
866,6/4/2018 0:07,20.797,86.094,,,
867,6/4/2018 0:12,21.036,83.403,,,
868,6/4/2018 0:17,20.487,85.25,,,
869,6/4/2018 0:22,20.821,84.079,,,
870,6/4/2018 0:27,20.773,85.592,,,
871,6/4/2018 0:32,20.392,86.275,,,
872,6/4/2018 0:37,20.869,84.062,,,
873,6/4/2018 0:42,21.083,82.995,,,
874,6/4/2018 0:47,20.511,85.449,,,
875,6/4/2018 0:52,20.678,85.183,,,
876,6/4/2018 0:57,20.273,86.44,,,
877,6/4/2018 1:02,19.916,87.425,,,
878,6/4/2018 1:07,19.94,86.883,,,
879,6/4/2018 1:12,20.392,85.283,,,
880,6/4/2018 1:17,20.059,86.528,,,
881,6/4/2018 1:22,19.702,87.32,,,
882,6/4/2018 1:27,19.44,86.903,,,
883,6/4/2018 1:32,19.345,87.754,,,
884,6/4/2018 1:37,19.297,87.987,,,
885,6/4/2018 1:42,19.25,88.084,,,
886,6/4/2018 1:47,19.273,88.443,,,
887,6/4/2018 1:52,19.273,88.389,,,
888,6/4/2018 1:57,19.273,87.981,,,
889,6/4/2018 2:02,19.25,88.437,,,
890,6/4/2018 2:07,19.25,88.166,,,
891,6/4/2018 2:12,19.321,88.319,,,
892,6/4/2018 2:17,19.368,88.221,,,
893,6/4/2018 2:22,19.368,88.33,,,
894,6/4/2018 2:27,19.416,88.233,,,
895,6/4/2018 2:32,19.392,88.173,,,
896,6/4/2018 2:37,19.368,87.895,,,
897,6/4/2018 2:42,19.392,87.928,,,
898,6/4/2018 2:47,19.368,87.432,,,
899,6/4/2018 2:52,19.44,87.667,,,
900,6/4/2018 2:57,19.464,87.754,,,
901,6/4/2018 3:02,19.535,87.608,,,
902,6/4/2018 3:07,19.63,88.12,,,
903,6/4/2018 3:12,19.725,87.653,,,
904,6/4/2018 3:17,19.725,87.653,,,
905,6/4/2018 3:22,19.773,87.664,,,
906,6/4/2018 3:27,19.797,88.187,,,
907,6/4/2018 3:32,19.844,87.626,,,
908,6/4/2018 3:37,19.963,88.499,,,
909,6/4/2018 3:42,20.011,88.047,,,
910,6/4/2018 3:47,20.059,87.568,,,
911,6/4/2018 3:52,20.13,87.912,,,
912,6/4/2018 3:57,20.225,87.743,,,
913,6/4/2018 4:02,20.392,87.919,,,
914,6/4/2018 4:07,20.487,87.997,,,
915,6/4/2018 4:12,20.63,87.894,,,
916,6/4/2018 4:17,20.797,87.824,,,
917,6/4/2018 4:22,20.821,87.939,,,
918,6/4/2018 4:27,20.773,88.173,,,
919,6/4/2018 4:32,20.821,87.857,,,
920,6/4/2018 4:37,20.892,87.435,,,
921,6/4/2018 4:42,21.203,85.579,,,
922,6/4/2018 4:47,21.226,87.129,,,
923,6/4/2018 4:52,20.916,85.68,,,
924,6/4/2018 4:57,20.654,86.281,,,
925,6/4/2018 5:02,20.583,87.527,,,
926,6/4/2018 5:07,20.583,88.21,,,
927,6/4/2018 5:12,20.654,88.336,,,
928,6/4/2018 5:17,20.678,88.014,,,
929,6/4/2018 5:22,20.702,87.938,,,
930,6/4/2018 5:27,20.726,87.012,,,
931,6/4/2018 5:32,20.773,87.818,,,
932,6/4/2018 5:37,20.869,88.087,,,
933,6/4/2018 5:42,20.94,87.584,,,
934,6/4/2018 5:47,20.988,87.786,,,
935,6/4/2018 5:52,21.012,88.175,,,
936,6/4/2018 5:57,21.083,82.491,,,
937,6/4/2018 6:02,20.249,83.784,,,
938,6/4/2018 6:07,18.346,87.815,,,
939,6/4/2018 6:12,17.085,92.904,,,
940,6/4/2018 6:17,16.704,93.386,,,
941,6/4/2018 6:22,16.68,91.931,,,
942,6/4/2018 6:27,16.656,93.268,,,
943,6/4/2018 6:32,16.68,92.406,,,
944,6/4/2018 6:37,16.847,92.264,,,
945,6/4/2018 6:42,17.061,91.391,,,
946,6/4/2018 6:47,17.014,92.253,,,
947,6/4/2018 6:52,17.014,92.517,,,
948,6/4/2018 6:57,17.18,91.527,,,
949,6/4/2018 7:02,17.537,88.675,,,
950,6/4/2018 7:07,17.894,85.833,,,
951,6/4/2018 7:12,18.251,82.838,,,
952,6/4/2018 7:17,18.274,81.149,,,
953,6/4/2018 7:22,18.37,81.309,,,
954,6/4/2018 7:27,18.512,83.173,,,
955,6/4/2018 7:32,18.488,83.333,,,
956,6/4/2018 7:37,18.631,81.617,,,
957,6/4/2018 7:42,18.94,79.726,,,
958,6/4/2018 7:47,19.773,77.783,,,
959,6/4/2018 7:52,20.463,76.5,,,
960,6/4/2018 7:57,20.94,74.092,,,
961,6/4/2018 8:02,20.511,77.509,,,
962,6/4/2018 8:07,20.082,76.908,,,
963,6/4/2018 8:12,19.535,79.262,,,
964,6/4/2018 8:17,19.368,80.015,,,
965,6/4/2018 8:22,19.44,81.124,,,
966,6/4/2018 8:27,19.63,79.423,,,
967,6/4/2018 8:32,19.94,76.85,,,
968,6/4/2018 8:37,19.773,77.755,,,
969,6/4/2018 8:42,19.416,80.951,,,
970,6/4/2018 8:47,19.368,79.029,,,
971,6/4/2018 8:52,19.559,79.718,,,
972,6/4/2018 8:57,19.606,81.775,,,
973,6/4/2018 9:02,19.535,80.556,,,
974,6/4/2018 9:07,19.844,78.762,,,
975,6/4/2018 9:12,19.821,78.275,,,
976,6/4/2018 9:17,19.725,78.482,,,
977,6/4/2018 9:22,19.749,79.702,,,
978,6/4/2018 9:27,19.844,78.535,,,
979,6/4/2018 9:32,20.13,77.402,,,
980,6/4/2018 9:37,20.964,75.942,,,
981,6/4/2018 9:42,21.059,75.472,,,
982,6/4/2018 9:47,21.059,76.822,,,
983,6/4/2018 9:52,21.083,73.337,,,
984,6/4/2018 9:57,21.393,73.833,,,
985,6/4/2018 10:02,21.847,74.154,,,
986,6/4/2018 10:07,21.895,71.627,,,
987,6/4/2018 10:12,22.326,70.827,,,
988,6/4/2018 10:17,23.069,71.82,,,
989,6/4/2018 10:22,23.261,70.677,,,
990,6/4/2018 10:27,22.853,70.276,,,
991,6/4/2018 10:32,22.326,74.016,,,
992,6/4/2018 10:37,21.513,76.656,,,
993,6/4/2018 10:42,20.845,81.092,,,
994,6/4/2018 10:47,20.63,79.974,,,
995,6/4/2018 10:52,20.559,80.636,,,
996,6/4/2018 10:57,20.773,78.503,,,
997,6/4/2018 11:02,21.059,78.42,,,
998,6/4/2018 11:07,21.25,79.228,,,
999,6/4/2018 11:12,21.179,76.903,,,
1000,6/4/2018 11:17,21.107,77.346,,,
1001,6/4/2018 11:22,21.274,78.123,,,
1002,6/4/2018 11:27,21.608,76.991,,,
1003,6/4/2018 11:32,21.895,75.957,,,
1004,6/4/2018 11:37,22.206,76.854,,,
1005,6/4/2018 11:42,22.254,76.432,,,
1006,6/4/2018 11:47,22.445,74.997,,,
1007,6/4/2018 11:52,22.829,74.55,,,
1008,6/4/2018 11:57,22.949,74.661,,,
1009,6/4/2018 12:02,23.79,69.768,,,
1010,6/4/2018 12:07,24.417,67.344,,,
1011,6/4/2018 12:12,24.948,67.768,,,
1012,6/4/2018 12:17,25.312,67.231,,,
1013,6/4/2018 12:22,25.92,62.41,,,
1014,6/4/2018 12:27,25.968,64.893,,,
1015,6/4/2018 12:32,25.385,65.37,,,
1016,6/4/2018 12:37,24.9,66.918,,,
1017,6/4/2018 12:42,25.458,65.352,,,
1018,6/4/2018 12:47,24.223,72.303,,,
1019,6/4/2018 12:52,23.381,71.879,,,
1020,6/4/2018 12:57,23.357,73.224,,,
1021,6/4/2018 13:02,23.405,72.471,,,
1022,6/4/2018 13:07,23.405,69.579,,,
1023,6/4/2018 13:12,24.006,67.84,,,
1024,6/4/2018 13:17,24.441,66.897,,,
1025,6/4/2018 13:22,25.118,63.989,,,
1026,6/4/2018 13:27,26.456,63.601,,,
1027,6/4/2018 13:32,26.946,60.261,,,
1028,6/4/2018 13:37,27.782,59.21,,,
1029,6/4/2018 13:42,28.128,55.02,,,
1030,6/4/2018 13:47,28.475,55.924,,,
1031,6/4/2018 13:52,29.246,51.221,,,
1032,6/4/2018 13:57,28.078,55.551,,,
1033,6/4/2018 14:02,28.748,53.87,,,
1034,6/4/2018 14:07,28.748,53.584,,,
1035,6/4/2018 14:12,30.048,50.522,,,
1036,6/4/2018 14:17,31.339,45.536,,,
1037,6/4/2018 14:22,31.517,44.964,,,
1038,6/4/2018 14:27,32.234,40.061,,,
1039,6/4/2018 14:32,32.44,38.538,,,
1040,6/4/2018 14:37,33.009,37.921,,,
1041,6/4/2018 14:42,33.191,37.736,,,
1042,6/4/2018 14:47,33.634,35.813,,,
1043,6/4/2018 14:52,33.321,37.749,,,
1044,6/4/2018 14:57,32.337,39.602,,,
1045,6/4/2018 15:02,32.363,38.53,,,
1046,6/4/2018 15:07,31.364,43.825,,,
1047,6/4/2018 15:12,31.084,41.672,,,
1048,6/4/2018 15:17,32.906,39.796,,,
1049,6/4/2018 15:22,33.556,39.594,,,
1050,6/4/2018 15:27,33.425,41.192,,,
1051,6/4/2018 15:32,33.451,43.265,,,
1052,6/4/2018 15:37,32.08,45.558,,,
1053,6/4/2018 15:42,31.619,41.298,,,
1054,6/4/2018 15:47,32.055,38.835,,,
1055,6/4/2018 15:52,32.106,37.696,,,
1056,6/4/2018 15:57,30.451,46.577,,,
1057,6/4/2018 16:02,30.907,41.919,,,
1058,6/4/2018 16:07,30.881,42.711,,,
1059,6/4/2018 16:12,32.415,35.901,,,
1060,6/4/2018 16:17,33.113,38.168,,,
1061,6/4/2018 16:22,31.492,41.817,,,
1062,6/4/2018 16:27,32.906,37.336,,,
1063,6/4/2018 16:32,32.647,39.5,,,
1064,6/4/2018 16:37,31.875,39.956,,,
1065,6/4/2018 16:42,31.67,41.77,,,
1066,6/4/2018 16:47,31.568,40.892,,,
1067,6/4/2018 16:52,32.029,38.16,,,
1068,6/4/2018 16:57,31.034,40.835,,,
1069,6/4/2018 17:02,31.466,43.108,,,
1070,6/4/2018 17:07,31.747,39.575,,,
1071,6/4/2018 17:12,31.39,40.106,,,
1072,6/4/2018 17:17,30.603,45.186,,,
1073,6/4/2018 17:22,30.932,41.955,,,
1074,6/4/2018 17:27,30.275,43.37,,,
1075,6/4/2018 17:32,30.199,42.999,,,
1076,6/4/2018 17:37,30.249,43.301,,,
1077,6/4/2018 17:42,30.78,41.573,,,
1078,6/4/2018 17:47,31.059,43.823,,,
1079,6/4/2018 17:52,31.084,42.469,,,
1080,6/4/2018 17:57,30.881,43.901,,,
1081,6/4/2018 18:02,30.426,45.132,,,
1082,6/4/2018 18:07,30.35,43.709,,,
1083,6/4/2018 18:12,30.502,43.726,,,
1084,6/4/2018 18:17,30.729,43.422,,,
1085,6/4/2018 18:22,30.426,42.826,,,
1086,6/4/2018 18:27,30.831,42.109,,,
1087,6/4/2018 18:32,30.552,41.813,,,
1088,6/4/2018 18:37,30.805,41.044,,,
1089,6/4/2018 18:42,30.048,43.74,,,
1090,6/4/2018 18:47,29.772,41.198,,,
1091,6/4/2018 18:52,28.972,43.42,,,
1092,6/4/2018 18:57,28.004,45.532,,,
1093,6/4/2018 19:02,27.881,46.428,,,
1094,6/4/2018 19:07,27.683,47.764,,,
1095,6/4/2018 19:12,27.265,47.195,,,
1096,6/4/2018 19:17,27.609,48.368,,,
1097,6/4/2018 19:22,27.733,52.552,,,
1098,6/4/2018 19:27,28.153,49.887,,,
1099,6/4/2018 19:28,,,Logged,,
1100,6/4/2018 19:32,28.475,53.323,,,
1101,6/4/2018 19:37,28.425,52.615,,,
1102,6/4/2018 19:42,27.708,53.249,,,
1103,6/4/2018 19:47,27.191,53.653,,,
1104,6/4/2018 19:52,27.093,53.702,,,
1105,6/4/2018 19:57,27.856,54.253,,,
1106,6/4/2018 20:02,28.947,61.695,,,
1107,6/4/2018 20:07,29.121,60.977,,,
1108,6/4/2018 20:12,29.121,62.188,,,
1109,6/4/2018 20:17,28.972,64.91,,,
1110,6/4/2018 20:22,28.673,64.676,,,
1111,6/4/2018 20:27,28.375,66.278,,,
1112,6/4/2018 20:32,28.4,62.196,,,
1113,6/4/2018 20:37,28.276,60.19,,,
1114,6/4/2018 20:42,28.004,61.947,,,
1115,6/4/2018 20:47,27.831,61.3,,,
1116,6/4/2018 20:52,27.609,63.485,,,
1117,6/4/2018 20:57,27.363,64.242,,,
1118,6/4/2018 21:02,27.167,64.087,,,
1119,6/4/2018 21:07,27.019,69.31,,,
1120,6/4/2018 21:12,26.921,64.84,,,
1121,6/4/2018 21:17,26.774,64.449,,,
1122,6/4/2018 21:22,26.554,66.056,,,
1123,6/4/2018 21:27,26.285,68.186,,,
1124,6/4/2018 21:32,26.017,68.469,,,
1125,6/4/2018 21:37,25.92,66.341,,,
1126,6/4/2018 21:42,25.701,70.238,,,
1127,6/4/2018 21:47,25.506,68.737,,,
1128,6/4/2018 21:52,25.385,68.955,,,
1129,6/4/2018 21:57,25.215,70.922,,,
1130,6/4/2018 22:02,24.997,72.155,,,
1131,6/4/2018 22:07,24.997,70.465,,,
1132,6/4/2018 22:12,24.948,70.754,,,
1133,6/4/2018 22:17,24.827,71.176,,,
1134,6/4/2018 22:22,24.755,71.044,,,
1135,6/4/2018 22:27,24.561,72.043,,,
1136,6/4/2018 22:32,24.465,74.551,,,
1137,6/4/2018 22:37,24.465,72.644,,,
1138,6/4/2018 22:42,24.417,71.07,,,
1139,6/4/2018 22:47,24.272,74.98,,,
1140,6/4/2018 22:52,24.248,72.514,,,
1141,6/4/2018 22:57,24.127,74.514,,,
1142,6/4/2018 23:02,24.103,76.169,,,
1143,6/4/2018 23:07,24.031,72.561,,,
1144,6/4/2018 23:12,24.006,75.219,,,
1145,6/4/2018 23:17,23.886,74.029,,,
1146,6/4/2018 23:22,23.862,75.074,,,
1147,6/4/2018 23:27,23.79,74.827,,,
1148,6/4/2018 23:32,23.766,75.753,,,
1149,6/4/2018 23:37,23.717,75.86,,,
1150,6/4/2018 23:42,23.477,75.869,,,
1151,6/4/2018 23:47,23.213,76.886,,,
1152,6/4/2018 23:52,23.189,76.881,,,
1153,6/4/2018 23:57,23.165,76.732,,,
1154,6/5/2018 0:02,23.189,77.947,,,
1155,6/5/2018 0:07,23.333,76.766,,,
1156,6/5/2018 0:12,23.381,75.415,,,
1157,6/5/2018 0:17,23.381,77.411,,,
1158,6/5/2018 0:22,23.477,75.027,,,
1159,6/5/2018 0:27,23.453,77.137,,,
1160,6/5/2018 0:32,23.309,75.168,,,
1161,6/5/2018 0:37,23.285,76.901,,,
1162,6/5/2018 0:42,22.997,80.564,,,
1163,6/5/2018 0:47,22.757,79.488,,,
1164,6/5/2018 0:52,22.685,78.416,,,
1165,6/5/2018 0:57,22.421,78.104,,,
1166,6/5/2018 1:02,22.182,80.078,,,
1167,6/5/2018 1:07,22.278,80.439,,,
1168,6/5/2018 1:12,22.278,80.836,,,
1169,6/5/2018 1:17,22.134,79.784,,,
1170,6/5/2018 1:22,21.895,80.584,,,
1171,6/5/2018 1:27,21.68,80.198,,,
1172,6/5/2018 1:32,21.537,80.677,,,
1173,6/5/2018 1:37,21.346,81.791,,,
1174,6/5/2018 1:42,21.179,81.783,,,
1175,6/5/2018 1:47,21.155,81.44,,,
1176,6/5/2018 1:52,21.083,81.312,,,
1177,6/5/2018 1:57,21.036,81.892,,,
1178,6/5/2018 2:02,21.059,82.598,,,
1179,6/5/2018 2:07,21.059,82.542,,,
1180,6/5/2018 2:12,20.988,81.881,,,
1181,6/5/2018 2:17,21.107,82.944,,,
1182,6/5/2018 2:22,21.203,81.788,,,
1183,6/5/2018 2:27,21.083,81.425,,,
1184,6/5/2018 2:32,20.94,81.422,,,
1185,6/5/2018 2:37,20.821,81.789,,,
1186,6/5/2018 2:42,20.749,81.324,,,
1187,6/5/2018 2:47,20.702,81.566,,,
1188,6/5/2018 2:52,20.749,82.501,,,
1189,6/5/2018 2:57,20.916,83.627,,,
1190,6/5/2018 3:02,21.107,83.419,,,
1191,6/5/2018 3:07,21.059,81.419,,,
1192,6/5/2018 3:12,21.155,83.178,,,
1193,6/5/2018 3:17,21.226,82.242,,,
1194,6/5/2018 3:22,21.226,82.382,,,
1195,6/5/2018 3:27,21.155,82.479,,,
1196,6/5/2018 3:32,21.107,82.188,,,
1197,6/5/2018 3:37,21.131,82.053,,,
1198,6/5/2018 3:42,21.131,83.089,,,
1199,6/5/2018 3:47,21.441,81.671,,,
1200,6/5/2018 3:52,21.656,82.785,,,
1201,6/5/2018 3:57,21.776,80.841,,,
1202,6/5/2018 4:02,21.799,81.27,,,
1203,6/5/2018 4:07,21.871,80.324,,,
1204,6/5/2018 4:12,21.799,80.846,,,
1205,6/5/2018 4:17,21.632,80.98,,,
1206,6/5/2018 4:22,21.537,80.733,,,
1207,6/5/2018 4:27,21.465,80.831,,,
1208,6/5/2018 4:32,21.537,81.523,,,
1209,6/5/2018 4:37,21.513,81.687,,,
1210,6/5/2018 4:42,21.513,81.602,,,
1211,6/5/2018 4:47,21.561,80.031,,,
1212,6/5/2018 4:52,21.25,79.2,,,
1213,6/5/2018 4:57,20.916,79.894,,,
1214,6/5/2018 5:02,20.749,81.071,,,
1215,6/5/2018 5:07,20.63,81.298,,,
1216,6/5/2018 5:12,20.511,81.413,,,
1217,6/5/2018 5:17,20.44,81.65,,,
1218,6/5/2018 5:22,20.416,81.728,,,
1219,6/5/2018 5:27,20.392,82.506,,,
1220,6/5/2018 5:32,20.392,81.975,,,
1221,6/5/2018 5:37,20.297,82.094,,,
1222,6/5/2018 5:42,20.249,81.832,,,
1223,6/5/2018 5:47,20.249,82.587,,,
1224,6/5/2018 5:52,19.702,79.071,,,
1225,6/5/2018 5:57,18.132,85.26,,,
1226,6/5/2018 6:02,17.275,89.283,,,
1227,6/5/2018 6:07,16.966,91.288,,,
1228,6/5/2018 6:12,17.061,91.232,,,
1229,6/5/2018 6:17,17.894,87.979,,,
1230,6/5/2018 6:22,18.132,87.683,,,
1231,6/5/2018 6:27,17.252,88.607,,,
1232,6/5/2018 6:32,17.275,89.685,,,
1233,6/5/2018 6:37,18.298,86.636,,,
1234,6/5/2018 6:42,19.559,82.545,,,
1235,6/5/2018 6:47,20.797,79.953,,,
1236,6/5/2018 6:52,22.086,77.089,,,
1237,6/5/2018 6:57,22.637,75.412,,,
1238,6/5/2018 7:02,23.501,73.34,,,
1239,6/5/2018 7:07,25.458,66.442,,,
1240,6/5/2018 7:12,26.676,62.595,,,
1241,6/5/2018 7:17,27.856,59.969,,,
1242,6/5/2018 7:22,28.252,57.183,,,
1243,6/5/2018 7:27,29.221,54.796,,,
1244,6/5/2018 7:32,29.371,55.103,,,
1245,6/5/2018 7:37,28.202,57.27,,,
1246,6/5/2018 7:42,27.881,55.932,,,
1247,6/5/2018 7:47,27.831,57.936,,,
1248,6/5/2018 7:52,29.096,55.317,,,
1249,6/5/2018 7:57,30.073,52.167,,,
1250,6/5/2018 8:02,30.957,53.347,,,
1251,6/5/2018 8:07,32.003,48.598,,,
1252,6/5/2018 8:12,33.269,46.293,,,
1253,6/5/2018 8:17,33.035,47.252,,,
1254,6/5/2018 8:22,33.035,47.384,,,
1255,6/5/2018 8:27,33.425,49.203,,,
1256,6/5/2018 8:32,33.321,49.32,,,
1257,6/5/2018 8:37,33.66,46.405,,,
1258,6/5/2018 8:42,33.87,46.133,,,
1259,6/5/2018 8:47,34.237,44.751,,,
1260,6/5/2018 8:52,34.554,44.289,,,
1261,6/5/2018 8:57,35.564,43.034,,,
1262,6/5/2018 9:02,35.164,43.458,,,
1263,6/5/2018 9:07,35.137,44.323,,,
1264,6/5/2018 9:12,35.671,42.912,,,
1265,6/5/2018 9:17,32.906,47.532,,,
1266,6/5/2018 9:22,32.389,49.463,,,
1267,6/5/2018 9:27,34.027,47.9,,,
1268,6/5/2018 9:32,34.264,45.053,,,
1269,6/5/2018 9:37,35.057,45.91,,,
1270,6/5/2018 9:42,35.537,42.528,,,
1271,6/5/2018 9:47,36.182,45.644,,,
1272,6/5/2018 9:52,36.399,45.469,,,
1273,6/5/2018 9:57,36.155,43.435,,,
1274,6/5/2018 10:02,34.132,47.913,,,
1275,6/5/2018 10:07,33.399,50.179,,,
1276,6/5/2018 10:12,33.974,47.828,,,
1277,6/5/2018 10:17,35.324,44.01,,,
1278,6/5/2018 10:22,36.426,45.339,,,
1279,6/5/2018 10:27,37.188,42.204,,,
1280,6/5/2018 10:32,37.325,43.364,,,
1281,6/5/2018 10:37,37.903,42.316,,,
1282,6/5/2018 10:42,38.097,41.389,,,
1283,6/5/2018 10:47,37.325,42.624,,,
1284,6/5/2018 10:52,37.82,42.138,,,
1285,6/5/2018 10:57,37.49,41.865,,,
1286,6/5/2018 11:02,37.627,43.533,,,
1287,6/5/2018 11:07,37.38,43.169,,,
1288,6/5/2018 11:12,37.903,38.955,,,
1289,6/5/2018 11:17,37.793,43.282,,,
1290,6/5/2018 11:22,37.407,41.011,,,
1291,6/5/2018 11:27,35.913,43.039,,,
1292,6/5/2018 11:32,36.453,45.008,,,
1293,6/5/2018 11:37,37.655,39.883,,,
1294,6/5/2018 11:42,37.545,43.557,,,
1295,6/5/2018 11:47,37.545,38.578,,,
1296,6/5/2018 11:52,37.024,41.545,,,
1297,6/5/2018 11:57,37.161,43.682,,,
1298,6/5/2018 12:02,37.133,43.545,,,
1299,6/5/2018 12:07,37.82,39.628,,,
1300,6/5/2018 12:12,38.18,36.793,,,
1301,6/5/2018 12:17,35.19,45.328,,,
1302,6/5/2018 12:22,36.209,46.113,,,
1303,6/5/2018 12:27,36.779,41.079,,,
1304,6/5/2018 12:32,37.188,39.019,,,
1305,6/5/2018 12:37,37.931,38.002,,,
1306,6/5/2018 12:42,36.942,42.076,,,
1307,6/5/2018 12:47,34.501,44.216,,,
1308,6/5/2018 12:52,36.588,39.026,,,
1309,6/5/2018 12:57,37.435,38.635,,,
1310,6/5/2018 13:02,38.014,39.682,,,
1311,6/5/2018 13:07,37.49,37.958,,,
1312,6/5/2018 13:12,36.888,40.279,,,
1313,6/5/2018 13:17,36.399,41.174,,,
1314,6/5/2018 13:22,37.188,39.971,,,
1315,6/5/2018 13:27,36.129,40.436,,,
1316,6/5/2018 13:32,37.024,42.321,,,
1317,6/5/2018 13:37,37.27,39.911,,,
1318,6/5/2018 13:42,36.833,40.747,,,
1319,6/5/2018 13:47,37.133,43.679,,,
1320,6/5/2018 13:52,37.298,39.371,,,
1321,6/5/2018 13:57,37.876,40.314,,,
1322,6/5/2018 14:02,36.997,38.148,,,
1323,6/5/2018 14:07,36.86,38.748,,,
1324,6/5/2018 14:12,37.325,38.897,,,
1325,6/5/2018 14:17,37.627,42.691,,,
1326,6/5/2018 14:22,37.738,40.164,,,
1327,6/5/2018 14:27,37.738,39.722,,,
1328,6/5/2018 14:32,37.133,38.332,,,
1329,6/5/2018 14:37,37.27,40.454,,,
1330,6/5/2018 14:40,,,Logged,,
1331,6/5/2018 14:42,36.942,41.907,,,
1332,6/5/2018 14:47,36.507,41.051,,,
1333,6/5/2018 14:52,36.048,42.517,,,
1334,6/5/2018 14:57,36.561,39.702,,,
1335,6/5/2018 15:02,36.806,40.135,,,
1336,6/5/2018 15:07,37.079,39.926,,,
1337,6/5/2018 15:12,36.915,39.875,,,
1338,6/5/2018 15:17,36.534,40.851,,,
1339,6/5/2018 15:22,36.426,39.621,,,
1340,6/5/2018 15:27,35.967,41.195,,,
1341,6/5/2018 15:32,35.994,40.287,,,
1342,6/5/2018 15:37,35.832,41.888,,,
1343,6/5/2018 15:42,36.021,41.538,,,
1344,6/5/2018 15:47,35.967,40.385,,,
1345,6/5/2018 15:52,36.209,40.816,,,
1346,6/5/2018 15:57,35.671,40.692,,,
1347,6/5/2018 16:02,35.511,40.877,,,
1348,6/5/2018 16:07,35.806,41.717,,,
1349,6/5/2018 16:12,36.182,41.016,,,
1350,6/5/2018 16:17,36.102,40.872,,,
1351,6/5/2018 16:22,36.075,39.788,,,
1352,6/5/2018 16:27,35.967,40.453,,,
1353,6/5/2018 16:32,36.643,39.032,,,
1354,6/5/2018 16:37,36.345,38.696,,,
1355,6/5/2018 16:42,36.209,37.934,,,
1356,6/5/2018 16:47,36.129,40.098,,,
1357,6/5/2018 16:52,35.913,40.38,,,
1358,6/5/2018 16:57,35.994,40.794,,,
1359,6/5/2018 17:02,35.752,41.24,,,
1360,6/5/2018 17:07,35.377,39.31,,,
1361,6/5/2018 17:12,35.244,41.186,,,
1362,6/5/2018 17:17,35.725,39.819,,,
1363,6/5/2018 17:22,35.537,38.886,,,
1364,6/5/2018 17:27,35.19,40.203,,,
1365,6/5/2018 17:32,35.137,39.893,,,
1366,6/5/2018 17:37,35.244,40.175,,,
1367,6/5/2018 17:42,34.898,40.745,,,
1368,6/5/2018 17:47,35.35,40.152,,,
1369,6/5/2018 17:52,35.35,40.86,,,
1370,6/5/2018 17:57,35.084,40.899,,,
1371,6/5/2018 18:02,35.244,42.831,,,
1372,6/5/2018 18:07,34.712,40.961,,,
1373,6/5/2018 18:12,34.739,40.963,,,
1374,6/5/2018 18:17,34.924,41.521,,,
1375,6/5/2018 18:22,34.686,41.193,,,
1376,6/5/2018 18:27,34.316,41.657,,,
1377,6/5/2018 18:32,34.343,43.098,,,
1378,6/5/2018 18:37,34.474,42.645,,,
1379,6/5/2018 18:42,34.501,42.715,,,
1380,6/5/2018 18:47,34.132,43.608,,,
1381,6/5/2018 18:52,33.817,43.872,,,
1382,6/5/2018 18:57,33.608,44.811,,,
1383,6/5/2018 19:02,33.451,45.257,,,
1384,6/5/2018 19:07,33.295,46.691,,,
1385,6/5/2018 19:12,32.957,46.255,,,
1386,6/5/2018 19:17,32.906,46.183,,,
1387,6/5/2018 19:22,32.776,46.629,,,
1388,6/5/2018 19:27,32.673,49.825,,,
1389,6/5/2018 19:32,32.75,48.921,,,
1390,6/5/2018 19:37,32.466,50.839,,,
1391,6/5/2018 19:42,32.209,49.895,,,
1392,6/5/2018 19:47,31.798,51.205,,,
1393,6/5/2018 19:52,31.798,51.366,,,
1394,6/5/2018 19:57,32.983,56.163,,,
1395,6/5/2018 20:02,32.906,56.567,,,
1396,6/5/2018 20:07,32.544,58.233,,,
1397,6/5/2018 20:12,32.183,58.148,,,
1398,6/5/2018 20:17,31.824,60.272,,,
1399,6/5/2018 20:22,31.466,59.462,,,
1400,6/5/2018 20:27,31.67,58.546,,,
1401,6/5/2018 20:32,31.798,57.043,,,
1402,6/5/2018 20:37,31.67,56.356,,,
1403,6/5/2018 20:42,31.517,57.382,,,
1404,6/5/2018 20:47,31.441,58.037,,,
1405,6/5/2018 20:52,31.364,58.594,,,
1406,6/5/2018 20:57,31.288,60.127,,,
1407,6/5/2018 21:02,30.805,63.237,,,
1408,6/5/2018 21:07,30.729,61.23,,,
1409,6/5/2018 21:12,30.78,60.048,,,
1410,6/5/2018 21:17,30.679,60.095,,,
1411,6/5/2018 21:22,30.603,61.46,,,
1412,6/5/2018 21:27,30.628,61.495,,,
1413,6/5/2018 21:32,30.603,61.616,,,
1414,6/5/2018 21:37,30.451,61.28,,,
1415,6/5/2018 21:42,30.325,63.221,,,
1416,6/5/2018 21:47,30.249,62.805,,,
1417,6/5/2018 21:52,30.224,62.21,,,
1418,6/5/2018 21:57,30.174,63.01,,,
1419,6/5/2018 22:02,30.123,62.691,,,
1420,6/5/2018 22:07,30.048,64.104,,,
1421,6/5/2018 22:12,29.722,66.663,,,
1422,6/5/2018 22:17,29.296,67.627,,,
1423,6/5/2018 22:22,29.521,66.598,,,
1424,6/5/2018 22:27,29.246,68.591,,,
1425,6/5/2018 22:32,29.421,66.121,,,
1426,6/5/2018 22:37,29.646,64.531,,,
1427,6/5/2018 22:42,29.446,66.493,,,
1428,6/5/2018 22:47,29.096,67.287,,,
1429,6/5/2018 22:52,29.371,66.602,,,
1430,6/5/2018 22:57,29.296,68.691,,,
1431,6/5/2018 23:02,28.723,70.492,,,
1432,6/5/2018 23:07,28.997,68.82,,,
1433,6/5/2018 23:12,29.146,67.844,,,
1434,6/5/2018 23:17,28.748,69.471,,,
1435,6/5/2018 23:22,28.798,68.147,,,
1436,6/5/2018 23:27,29.047,68.707,,,
1437,6/5/2018 23:32,28.524,69.793,,,
1438,6/5/2018 23:37,28.549,70.58,,,
1439,6/5/2018 23:42,28.425,72.893,,,
1440,6/5/2018 23:47,28.227,71.332,,,
1441,6/5/2018 23:52,28.624,70.293,,,
1442,6/5/2018 23:57,28.475,72.604,,,
1443,6/19/2018 10:38,,,Logged,,
1444,6/19/2018 10:38,,,,Logged,Logged
