Plot Title: Ambient HNT Field,,,,,,,,
#,"Date Time, GMT-05:00","Temp, øC (LGR S/N: 10689813, SEN S/N: 10689813)","RH, % (LGR S/N: 10689813, SEN S/N: 10689813)",Host Connected (LGR S/N: 10689813),Button Down (LGR S/N: 10689813),Button Up (LGR S/N: 10689813),Stopped (LGR S/N: 10689813),End Of File (LGR S/N: 10689813)
1,6/1/2018 0:02,20.13,80.931,,,,,
2,6/1/2018 0:07,19.963,80.94,,,,,
3,6/1/2018 0:12,19.844,81.031,,,,,
4,6/1/2018 0:17,19.702,81.381,,,,,
5,6/1/2018 0:22,19.583,81.649,,,,,
6,6/1/2018 0:27,19.297,81.488,,,,,
7,6/1/2018 0:32,19.131,81.76,,,,,
8,6/1/2018 0:37,19.083,82.306,,,,,
9,6/1/2018 0:42,19.154,82.679,,,,,
10,6/1/2018 0:47,19.297,83.063,,,,,
11,6/1/2018 0:52,19.321,83.062,,,,,
12,6/1/2018 0:57,19.297,83.063,,,,,
13,6/1/2018 1:02,19.131,82.97,,,,,
14,6/1/2018 1:07,19.035,83.072,,,,,
15,6/1/2018 1:12,19.059,83.472,,,,,
16,6/1/2018 1:17,18.964,83.577,,,,,
17,6/1/2018 1:22,18.774,83.583,,,,,
18,6/1/2018 1:27,18.607,83.588,,,,,
19,6/1/2018 1:32,18.512,83.797,,,,,
20,6/1/2018 1:37,18.417,84.009,,,,,
21,6/1/2018 1:42,18.512,84.328,,,,,
22,6/1/2018 1:47,18.631,84.545,,,,,
23,6/1/2018 1:52,18.607,84.545,,,,,
24,6/1/2018 1:57,18.56,84.546,,,,,
25,6/1/2018 2:02,18.488,84.548,,,,,
26,6/1/2018 2:07,18.465,84.659,,,,,
27,6/1/2018 2:12,18.298,84.552,,,,,
28,6/1/2018 2:17,18.084,84.447,,,,,
29,6/1/2018 2:22,18.06,84.667,,,,,
30,6/1/2018 2:27,18.155,84.89,,,,,
31,6/1/2018 2:32,18.155,85.004,,,,,
32,6/1/2018 2:37,17.965,85.007,,,,,
33,6/1/2018 2:42,17.894,85.123,,,,,
34,6/1/2018 2:47,17.894,85.123,,,,,
35,6/1/2018 2:52,17.656,85.242,,,,,
36,6/1/2018 2:57,17.323,85.131,,,,,
37,6/1/2018 3:02,17.156,85.134,,,,,
38,6/1/2018 3:07,17.394,85.362,,,,,
39,6/1/2018 3:12,17.608,85.476,,,,,
40,6/1/2018 3:17,17.489,85.478,,,,,
41,6/1/2018 3:22,17.394,85.479,,,,,
42,6/1/2018 3:27,17.252,85.481,,,,,
43,6/1/2018 3:32,17.275,85.599,,,,,
44,6/1/2018 3:37,17.299,85.599,,,,,
45,6/1/2018 3:42,17.204,85.719,,,,,
46,6/1/2018 3:47,17.133,85.72,,,,,
47,6/1/2018 3:52,17.109,85.72,,,,,
48,6/1/2018 3:57,16.99,85.841,,,,,
49,6/1/2018 4:02,16.847,85.843,,,,,
50,6/1/2018 4:07,16.966,85.842,,,,,
51,6/1/2018 4:12,17.061,85.963,,,,,
52,6/1/2018 4:17,17.085,85.962,,,,,
53,6/1/2018 4:22,17.204,85.962,,,,,
54,6/1/2018 4:27,17.18,86.085,,,,,
55,6/1/2018 4:32,16.918,85.964,,,,,
56,6/1/2018 4:37,17.014,86.086,,,,,
57,6/1/2018 4:42,16.918,86.086,,,,,
58,6/1/2018 4:47,16.585,86.088,,,,,
59,6/1/2018 4:52,16.299,86.09,,,,,
60,6/1/2018 4:57,16.18,86.091,,,,,
61,6/1/2018 5:02,16.561,86.212,,,,,
62,6/1/2018 5:07,16.704,86.212,,,,,
63,6/1/2018 5:12,16.656,86.337,,,,,
64,6/1/2018 5:17,16.609,86.337,,,,,
65,6/1/2018 5:22,16.609,86.337,,,,,
66,6/1/2018 5:27,16.585,86.337,,,,,
67,6/1/2018 5:32,16.442,86.338,,,,,
68,6/1/2018 5:37,16.156,86.339,,,,,
69,6/1/2018 5:42,15.798,86.34,,,,,
70,6/1/2018 5:47,15.703,86.34,,,,,
71,6/1/2018 5:52,15.751,86.34,,,,,
72,6/1/2018 5:57,15.846,86.34,,,,,
73,6/1/2018 6:02,15.727,86.34,,,,,
74,6/1/2018 6:07,15.894,86.339,,,,,
75,6/1/2018 6:12,15.965,86.339,,,,,
76,6/1/2018 6:17,16.323,86.338,,,,,
77,6/1/2018 6:22,16.871,86.336,,,,,
78,6/1/2018 6:27,17.418,86.334,,,,,
79,6/1/2018 6:32,17.941,86.332,,,,,
80,6/1/2018 6:37,18.322,86.204,,,,,
81,6/1/2018 6:42,18.75,86.075,,,,,
82,6/1/2018 6:47,19.368,85.821,,,,,
83,6/1/2018 6:52,19.821,85.571,,,,,
84,6/1/2018 6:57,20.368,85.203,,,,,
85,6/1/2018 7:02,20.892,84.612,,,,,
86,6/1/2018 7:07,21.393,82.889,,,,,
87,6/1/2018 7:12,21.417,78.751,,,,,
88,6/1/2018 7:17,22.086,77.861,,,,,
89,6/1/2018 7:22,22.925,76.013,,,,,
90,6/1/2018 7:27,23.693,74.211,,,,,
91,6/1/2018 7:32,24.055,70.556,,,,,
92,6/1/2018 7:37,24.634,67.773,,,,,
93,6/1/2018 7:42,25.167,67.523,,,,,
94,6/1/2018 7:47,26.334,65.586,,,,,
95,6/1/2018 7:52,27.388,62.104,,,,,
96,6/1/2018 7:57,28.45,60.352,,,,,
97,6/1/2018 8:02,28.599,56.684,,,,,
98,6/1/2018 8:07,28.103,58.455,,,,,
99,6/1/2018 8:12,27.955,59.049,,,,,
100,6/1/2018 8:17,28.301,57.903,,,,,
101,6/1/2018 8:22,29.096,57.92,,,,,
102,6/1/2018 8:27,29.897,54.978,,,,,
103,6/1/2018 8:32,30.401,52.425,,,,,
104,6/1/2018 8:37,31.11,52.786,,,,,
105,6/1/2018 8:42,31.85,50.733,,,,,
106,6/1/2018 8:47,32.286,49.537,,,,,
107,6/1/2018 8:52,31.952,48.702,,,,,
108,6/1/2018 8:57,32.286,49.172,,,,,
109,6/1/2018 9:02,32.337,49.283,,,,,
110,6/1/2018 9:07,32.363,49.328,,,,,
111,6/1/2018 9:12,32.492,49.441,,,,,
112,6/1/2018 9:17,32.132,49.462,,,,,
113,6/1/2018 9:22,32.286,50.125,,,,,
114,6/1/2018 9:27,32.44,49.235,,,,,
115,6/1/2018 9:32,32.673,50.025,,,,,
116,6/1/2018 9:37,32.673,49.237,,,,,
117,6/1/2018 9:42,33.087,48.027,,,,,
118,6/1/2018 9:47,32.983,47.995,,,,,
119,6/1/2018 9:52,32.828,47.919,,,,,
120,6/1/2018 9:57,33.139,47.974,,,,,
121,6/1/2018 10:02,33.191,46.06,,,,,
122,6/1/2018 10:07,33.139,47.585,,,,,
123,6/1/2018 10:12,33.061,46.62,,,,,
124,6/1/2018 10:17,33.217,47.555,,,,,
125,6/1/2018 10:22,33.686,44.885,,,,,
126,6/1/2018 10:27,33.399,44.756,,,,,
127,6/1/2018 10:32,33.243,43.869,,,,,
128,6/1/2018 10:37,33.922,43.761,,,,,
129,6/1/2018 10:42,34.079,41.66,,,,,
130,6/1/2018 10:47,34.369,41.309,,,,,
131,6/1/2018 10:52,34.001,42.302,,,,,
132,6/1/2018 10:57,34.448,41.905,,,,,
133,6/1/2018 11:02,34.712,41.101,,,,,
134,6/1/2018 11:07,34.712,40.869,,,,,
135,6/1/2018 11:12,34.845,39.654,,,,,
136,6/1/2018 11:17,34.818,40.802,,,,,
137,6/1/2018 11:22,34.924,39.946,,,,,
138,6/1/2018 11:27,35.137,41.174,,,,,
139,6/1/2018 11:32,34.951,39.992,,,,,
140,6/1/2018 11:37,35.164,41.268,,,,,
141,6/1/2018 11:42,35.431,38.868,,,,,
142,6/1/2018 11:47,35.564,37.206,,,,,
143,6/1/2018 11:52,35.404,37.676,,,,,
144,6/1/2018 11:57,35.645,37.947,,,,,
145,6/1/2018 12:02,35.779,39.011,,,,,
146,6/1/2018 12:07,35.698,39.564,,,,,
147,6/1/2018 12:12,35.591,36.148,,,,,
148,6/1/2018 12:17,35.484,38.209,,,,,
149,6/1/2018 12:22,35.564,38.476,,,,,
150,6/1/2018 12:27,36.155,35.961,,,,,
151,6/1/2018 12:32,36.507,38.675,,,,,
152,6/1/2018 12:37,36.724,34.1,,,,,
153,6/1/2018 12:42,35.832,35.502,,,,,
154,6/1/2018 12:47,35.94,36.715,,,,,
155,6/1/2018 12:52,36.345,35.903,,,,,
156,6/1/2018 12:57,36.318,36.23,,,,,
157,6/1/2018 13:02,36.399,36.286,,,,,
158,6/1/2018 13:07,36.48,36.319,,,,,
159,6/1/2018 13:12,36.48,36.681,,,,,
160,6/1/2018 13:17,36.318,36.253,,,,,
161,6/1/2018 13:22,36.236,36.452,,,,,
162,6/1/2018 13:27,36.86,36.705,,,,,
163,6/1/2018 13:32,36.942,35.919,,,,,
164,6/1/2018 13:37,36.969,34.862,,,,,
165,6/1/2018 13:42,36.969,35.197,,,,,
166,6/1/2018 13:47,36.86,34.89,,,,,
167,6/1/2018 13:52,36.616,35.699,,,,,
168,6/1/2018 13:57,36.942,37.05,,,,,
169,6/1/2018 14:02,37.352,35.766,,,,,
170,6/1/2018 14:07,37.106,34.81,,,,,
171,6/1/2018 14:12,36.67,35.959,,,,,
172,6/1/2018 14:17,36.588,35.597,,,,,
173,6/1/2018 14:22,36.643,36.098,,,,,
174,6/1/2018 14:27,36.291,35.933,,,,,
175,6/1/2018 14:32,36.833,36.01,,,,,
176,6/1/2018 14:37,37.215,35.149,,,,,
177,6/1/2018 14:42,36.888,35.589,,,,,
178,6/1/2018 14:47,37.079,36.024,,,,,
179,6/1/2018 14:52,36.997,36.792,,,,,
180,6/1/2018 14:57,37.106,37.365,,,,,
181,6/1/2018 15:02,36.997,36.408,,,,,
182,6/1/2018 15:07,36.969,37.735,,,,,
183,6/1/2018 15:12,37.024,36.7,,,,,
184,6/1/2018 15:17,36.833,36.62,,,,,
185,6/1/2018 15:22,37.352,37.521,,,,,
186,6/1/2018 15:27,37.215,36.397,,,,,
187,6/1/2018 15:32,37.106,35.993,,,,,
188,6/1/2018 15:37,36.888,37.696,,,,,
189,6/1/2018 15:42,36.833,37.459,,,,,
190,6/1/2018 15:47,36.942,38.637,,,,,
191,6/1/2018 15:52,36.833,37.444,,,,,
192,6/1/2018 15:57,36.534,37.978,,,,,
193,6/1/2018 16:02,36.616,37.418,,,,,
194,6/1/2018 16:07,36.833,38.726,,,,,
195,6/1/2018 16:12,37.133,36.748,,,,,
196,6/1/2018 16:17,37.161,38.89,,,,,
197,6/1/2018 16:22,36.942,38.144,,,,,
198,6/1/2018 16:27,36.86,38.143,,,,,
199,6/1/2018 16:32,36.616,38.601,,,,,
200,6/1/2018 16:37,36.48,38.227,,,,,
201,6/1/2018 16:42,36.751,38.58,,,,,
202,6/1/2018 16:47,36.779,38.664,,,,,
203,6/1/2018 16:52,36.67,38.518,,,,,
204,6/1/2018 16:57,36.588,40.202,,,,,
205,6/1/2018 17:02,36.806,38.18,,,,,
206,6/1/2018 17:07,36.997,39.542,,,,,
207,6/1/2018 17:12,37.243,37.618,,,,,
208,6/1/2018 17:17,36.561,39.177,,,,,
209,6/1/2018 17:22,36.399,40.098,,,,,
210,6/1/2018 17:27,36.453,40.276,,,,,
211,6/1/2018 17:32,36.263,39.911,,,,,
212,6/1/2018 17:37,36.67,39.384,,,,,
213,6/1/2018 17:42,36.155,40.339,,,,,
214,6/1/2018 17:47,36.048,40.963,,,,,
215,6/1/2018 17:52,36.048,40.168,,,,,
216,6/1/2018 17:57,36.399,40.429,,,,,
217,6/1/2018 18:02,36.561,39.756,,,,,
218,6/1/2018 18:07,36.209,40.278,,,,,
219,6/1/2018 18:12,35.671,41.627,,,,,
220,6/1/2018 18:17,35.806,42.003,,,,,
221,6/1/2018 18:22,35.806,42.331,,,,,
222,6/1/2018 18:27,35.671,42.803,,,,,
223,6/1/2018 18:32,35.725,43.631,,,,,
224,6/1/2018 18:37,35.752,42.579,,,,,
225,6/1/2018 18:42,35.35,43.405,,,,,
226,6/1/2018 18:47,35.057,44.719,,,,,
227,6/1/2018 18:52,34.818,45.343,,,,,
228,6/1/2018 18:57,34.554,46.161,,,,,
229,6/1/2018 19:02,34.316,46.482,,,,,
230,6/1/2018 19:07,34.343,46.878,,,,,
231,6/1/2018 19:12,34.079,47.166,,,,,
232,6/1/2018 19:17,33.712,48.041,,,,,
233,6/1/2018 19:22,32.673,51.563,,,,,
234,6/1/2018 19:27,32.337,53.503,,,,,
235,6/1/2018 19:32,32.132,54.309,,,,,
236,6/1/2018 19:37,32.003,54.826,,,,,
237,6/1/2018 19:42,31.722,55.654,,,,,
238,6/1/2018 19:47,31.67,56.163,,,,,
239,6/1/2018 19:52,31.492,56.46,,,,,
240,6/1/2018 19:57,31.313,57.109,,,,,
241,6/1/2018 20:02,31.084,57.988,,,,,
242,6/1/2018 20:07,30.881,58.393,,,,,
243,6/1/2018 20:12,30.704,59.083,,,,,
244,6/1/2018 20:17,30.502,59.592,,,,,
245,6/1/2018 20:22,30.375,59.977,,,,,
246,6/1/2018 20:27,30.275,60.305,,,,,
247,6/1/2018 20:32,30.123,60.734,,,,,
248,6/1/2018 20:37,29.973,61.327,,,,,
249,6/1/2018 20:42,29.822,61.829,,,,,
250,6/1/2018 20:47,29.696,62.225,,,,,
251,6/1/2018 20:52,29.546,62.756,,,,,
252,6/1/2018 20:57,29.471,63.09,,,,,
253,6/1/2018 21:02,29.346,63.442,,,,,
254,6/1/2018 21:07,29.221,63.958,,,,,
255,6/1/2018 21:12,29.071,64.28,,,,,
256,6/1/2018 21:17,28.972,64.681,,,,,
257,6/1/2018 21:22,28.847,64.984,,,,,
258,6/1/2018 21:27,28.698,65.559,,,,,
259,6/1/2018 21:32,28.748,65.609,,,,,
260,6/1/2018 21:37,28.648,65.746,,,,,
261,6/1/2018 21:42,28.624,65.78,,,,,
262,6/1/2018 21:47,28.648,65.746,,,,,
263,6/1/2018 21:52,28.648,65.716,,,,,
264,6/1/2018 21:57,28.599,65.905,,,,,
265,6/1/2018 22:02,28.624,65.961,,,,,
266,6/1/2018 22:07,28.549,66.157,,,,,
267,6/1/2018 22:12,28.549,66.374,,,,,
268,6/1/2018 22:17,28.45,66.548,,,,,
269,6/1/2018 22:22,28.4,67.006,,,,,
270,6/1/2018 22:27,28.326,67.349,,,,,
271,6/1/2018 22:32,28.276,67.56,,,,,
272,6/1/2018 22:37,28.276,67.834,,,,,
273,6/1/2018 22:42,28.301,67.796,,,,,
274,6/1/2018 22:47,28.177,68.096,,,,,
275,6/1/2018 22:52,28.103,68.357,,,,,
276,6/1/2018 22:57,28.054,68.365,,,,,
277,6/1/2018 23:02,28.004,68.481,,,,,
278,6/1/2018 23:07,27.955,68.561,,,,,
279,6/1/2018 23:12,27.955,68.561,,,,,
280,6/1/2018 23:17,27.93,68.565,,,,,
281,6/1/2018 23:22,27.807,68.842,,,,,
282,6/1/2018 23:27,27.708,69.234,,,,,
283,6/1/2018 23:32,27.708,69.387,,,,,
284,6/1/2018 23:37,27.708,69.504,,,,,
285,6/1/2018 23:42,27.659,69.55,,,,,
286,6/1/2018 23:47,27.634,69.751,,,,,
287,6/1/2018 23:52,27.708,69.66,,,,,
288,6/1/2018 23:57,27.708,69.7,,,,,
289,6/2/2018 0:02,27.708,69.7,,,,,
290,6/2/2018 0:07,27.634,70.112,,,,,
291,6/2/2018 0:12,27.585,70.325,,,,,
292,6/2/2018 0:17,27.585,70.66,,,,,
293,6/2/2018 0:22,27.585,70.703,,,,,
294,6/2/2018 0:27,27.536,71.012,,,,,
295,6/2/2018 0:32,27.511,71.146,,,,,
296,6/2/2018 0:37,27.462,71.465,,,,,
297,6/2/2018 0:42,27.388,71.702,,,,,
298,6/2/2018 0:47,27.314,72.084,,,,,
299,6/2/2018 0:52,27.265,72.376,,,,,
300,6/2/2018 0:57,27.265,72.472,,,,,
301,6/2/2018 1:02,27.216,72.723,,,,,
302,6/2/2018 1:07,27.167,72.879,,,,,
303,6/2/2018 1:12,27.191,72.976,,,,,
304,6/2/2018 1:17,27.216,72.773,,,,,
305,6/2/2018 1:22,27.191,72.876,,,,,
306,6/2/2018 1:27,27.265,72.917,,,,,
307,6/2/2018 1:32,27.388,72.603,,,,,
308,6/2/2018 1:37,27.462,72.447,,,,,
309,6/2/2018 1:42,27.118,74.197,,,,,
310,6/2/2018 1:47,26.603,76.019,,,,,
311,6/2/2018 1:52,26.456,77.15,,,,,
312,6/2/2018 1:57,26.456,77.497,,,,,
313,6/2/2018 2:02,26.383,77.788,,,,,
314,6/2/2018 2:07,26.042,78.938,,,,,
315,6/2/2018 2:12,25.895,79.671,,,,,
316,6/2/2018 2:17,25.895,79.837,,,,,
317,6/2/2018 2:22,25.944,79.668,,,,,
318,6/2/2018 2:27,25.968,79.421,,,,,
319,6/2/2018 2:32,26.017,79.097,,,,,
320,6/2/2018 2:37,26.042,78.938,,,,,
321,6/2/2018 2:42,26.042,78.783,,,,,
322,6/2/2018 2:47,26.042,78.706,,,,,
323,6/2/2018 2:52,26.066,78.627,,,,,
324,6/2/2018 2:57,26.09,78.398,,,,,
325,6/2/2018 3:02,26.115,77.526,,,,,
326,6/2/2018 3:07,22.134,68.675,,,,,
327,6/2/2018 3:12,21.203,69.091,,,,,
328,6/2/2018 3:17,20.392,69.158,,,,,
329,6/2/2018 3:22,19.797,71.606,,,,,
330,6/2/2018 3:27,18.917,74.225,,,,,
331,6/2/2018 3:32,18.155,79.788,,,,,
332,6/2/2018 3:37,17.751,82.181,,,,,
333,6/2/2018 3:42,17.371,85.131,,,,,
334,6/2/2018 3:47,17.537,85.596,,,,,
335,6/2/2018 3:52,17.418,82.653,,,,,
336,6/2/2018 3:57,17.347,82.749,,,,,
337,6/2/2018 4:02,17.299,82.845,,,,,
338,6/2/2018 4:07,17.561,83.221,,,,,
339,6/2/2018 4:12,17.68,83.316,,,,,
340,6/2/2018 4:17,17.704,83.315,,,,,
341,6/2/2018 4:22,17.561,83.419,,,,,
342,6/2/2018 4:27,17.727,83.314,,,,,
343,6/2/2018 4:32,17.751,83.313,,,,,
344,6/2/2018 4:37,18.917,82.313,,,,,
345,6/2/2018 4:42,18.917,82.784,,,,,
346,6/2/2018 4:47,18.988,82.975,,,,,
347,6/2/2018 4:52,18.94,83.075,,,,,
348,6/2/2018 4:57,18.964,83.784,,,,,
349,6/2/2018 5:02,19.321,83.774,,,,,
350,6/2/2018 5:07,19.273,83.987,,,,,
351,6/2/2018 5:12,19.321,83.986,,,,,
352,6/2/2018 5:17,19.154,84.097,,,,,
353,6/2/2018 5:22,19.178,83.674,,,,,
354,6/2/2018 5:27,19.226,84.422,,,,,
355,6/2/2018 5:32,19.202,83.883,,,,,
356,6/2/2018 5:37,19.297,84.201,,,,,
357,6/2/2018 5:42,19.345,83.985,,,,,
358,6/2/2018 5:47,19.368,84.092,,,,,
359,6/2/2018 5:52,19.464,83.876,,,,,
360,6/2/2018 5:57,19.487,84.197,,,,,
361,6/2/2018 6:02,19.535,83.768,,,,,
362,6/2/2018 6:07,19.678,83.764,,,,,
363,6/2/2018 6:12,19.678,83.87,,,,,
364,6/2/2018 6:17,19.559,83.559,,,,,
365,6/2/2018 6:22,19.844,84.86,,,,,
366,6/2/2018 6:27,19.797,84.633,,,,,
367,6/2/2018 6:32,19.749,84.41,,,,,
368,6/2/2018 6:37,19.725,84.3,,,,,
369,6/2/2018 6:42,19.868,84.188,,,,,
370,6/2/2018 6:47,19.844,83.865,,,,,
371,6/2/2018 6:52,19.844,83.865,,,,,
372,6/2/2018 6:57,19.94,83.97,,,,,
373,6/2/2018 7:02,20.035,83.967,,,,,
374,6/2/2018 7:07,20.178,84.18,,,,,
375,6/2/2018 7:12,20.225,83.855,,,,,
376,6/2/2018 7:17,20.273,83.748,,,,,
377,6/2/2018 7:22,20.416,84.065,,,,,
378,6/2/2018 7:27,20.606,84.061,,,,,
379,6/2/2018 7:32,20.678,84.059,,,,,
380,6/2/2018 7:37,20.94,84.162,,,,,
381,6/2/2018 7:42,21.155,84.157,,,,,
382,6/2/2018 7:47,21.298,84.489,,,,,
383,6/2/2018 7:52,21.155,84.492,,,,,
384,6/2/2018 7:57,21.489,84.715,,,,,
385,6/2/2018 8:02,22.11,84.703,,,,,
386,6/2/2018 8:07,22.493,84.696,,,,,
387,6/2/2018 8:12,22.517,85.052,,,,,
388,6/2/2018 8:17,22.565,84.931,,,,,
389,6/2/2018 8:22,22.709,84.81,,,,,
390,6/2/2018 8:27,22.661,84.693,,,,,
391,6/2/2018 8:32,22.493,84.932,,,,,
392,6/2/2018 8:37,23.549,85.158,,,,,
393,6/2/2018 8:42,24.9,84.893,,,,,
394,6/2/2018 8:47,26.823,84.021,,,,,
395,6/2/2018 8:52,26.995,83.558,,,,,
396,6/2/2018 8:57,26.603,83.682,,,,,
397,6/2/2018 9:02,26.09,83.145,,,,,
398,6/2/2018 9:07,25.847,82.625,,,,,
399,6/2/2018 9:12,25.336,82.238,,,,,
400,6/2/2018 9:17,24.997,82.252,,,,,
401,6/2/2018 9:22,25.288,82.441,,,,,
402,6/2/2018 9:27,24.682,82.166,,,,,
403,6/2/2018 9:32,24.103,81.899,,,,,
404,6/2/2018 9:37,23.742,81.264,,,,,
405,6/2/2018 9:42,25.215,81.19,,,,,
406,6/2/2018 9:47,26.456,80.492,,,,,
407,6/2/2018 9:52,26.897,80.203,,,,,
408,6/2/2018 9:57,26.115,80.249,,,,,
409,6/2/2018 10:02,25.142,80.051,,,,,
410,6/2/2018 10:07,25.094,76.48,,,,,
411,6/2/2018 10:12,26.212,74.52,,,,,
412,6/2/2018 10:17,25.531,73.946,,,,,
413,6/2/2018 10:22,25.555,73.478,,,,,
414,6/2/2018 10:27,25.774,74.402,,,,,
415,6/2/2018 10:32,25.288,77.116,,,,,
416,6/2/2018 10:37,25.191,77.395,,,,,
417,6/2/2018 10:42,26.603,76.274,,,,,
418,6/2/2018 10:47,26.603,76.146,,,,,
419,6/2/2018 10:52,28.128,76.327,,,,,
420,6/2/2018 10:57,28.4,74.801,,,,,
421,6/2/2018 11:02,27.437,74.961,,,,,
422,6/2/2018 11:07,28.351,73.729,,,,,
423,6/2/2018 11:12,28.351,75.473,,,,,
424,6/2/2018 11:17,28.997,75.284,,,,,
425,6/2/2018 11:22,29.747,75.334,,,,,
426,6/2/2018 11:27,29.722,75.336,,,,,
427,6/2/2018 11:32,28.897,76.39,,,,,
428,6/2/2018 11:37,29.071,76.509,,,,,
429,6/2/2018 11:42,27.708,78.276,,,,,
430,6/2/2018 11:47,27.831,76.962,,,,,
431,6/2/2018 11:52,28.524,76.357,,,,,
432,6/2/2018 11:57,29.922,70.548,,,,,
433,6/2/2018 12:02,31.85,58.38,,,,,
434,6/2/2018 12:07,33.425,46.295,,,,,
435,6/2/2018 12:12,33.948,42.316,,,,,
436,6/2/2018 12:17,34.554,42.011,,,,,
437,6/2/2018 12:22,34.29,38.322,,,,,
438,6/2/2018 12:27,33.399,34.682,,,,,
439,6/2/2018 12:32,33.765,33.577,,,,,
440,6/2/2018 12:37,32.415,31.11,,,,,
441,6/2/2018 12:42,33.634,29.981,,,,,
442,6/2/2018 12:47,32.828,30.313,,,,,
443,6/2/2018 12:52,33.556,29.813,,,,,
444,6/2/2018 12:57,34.185,28.759,,,,,
445,6/2/2018 13:02,32.957,26.733,,,,,
446,6/2/2018 13:07,31.262,29.034,,,,,
447,6/2/2018 13:12,29.897,30.619,,,,,
448,6/2/2018 13:17,30.502,31.346,,,,,
449,6/2/2018 13:22,32.157,29.254,,,,,
450,6/2/2018 13:27,32.595,29.344,,,,,
451,6/2/2018 13:32,31.722,29.874,,,,,
452,6/2/2018 13:37,30.451,29.219,,,,,
453,6/2/2018 13:42,30.275,30.706,,,,,
454,6/2/2018 13:47,28.997,32.404,,,,,
455,6/2/2018 13:52,30.476,32.444,,,,,
456,6/2/2018 13:57,31.85,29.932,,,,,
457,6/2/2018 14:02,33.425,28.022,,,,,
458,6/2/2018 14:07,34.237,26.591,,,,,
459,6/2/2018 14:12,33.634,25.487,,,,,
460,6/2/2018 14:17,33.87,26.374,,,,,
461,6/2/2018 14:22,34.316,25.563,,,,,
462,6/2/2018 14:27,34.132,27.029,,,,,
463,6/2/2018 14:32,33.896,25.016,,,,,
464,6/2/2018 14:37,34.211,27.422,,,,,
465,6/2/2018 14:42,34.29,23.786,,,,,
466,6/2/2018 14:47,34.58,26.972,,,,,
467,6/2/2018 14:52,34.527,25.152,,,,,
468,6/2/2018 14:57,33.843,24.165,,,,,
469,6/2/2018 15:02,33.66,24.532,,,,,
470,6/2/2018 15:07,34.474,24.935,,,,,
471,6/2/2018 15:12,34.053,23.901,,,,,
472,6/2/2018 15:17,34.001,23.919,,,,,
473,6/2/2018 15:22,33.66,22.285,,,,,
474,6/2/2018 15:27,33.399,23.69,,,,,
475,6/2/2018 15:32,33.948,22.128,,,,,
476,6/2/2018 15:37,33.948,22.128,,,,,
477,6/2/2018 15:42,33.191,21.8,,,,,
478,6/2/2018 15:47,33.791,22.235,,,,,
479,6/2/2018 15:52,33.843,21.273,,,,,
480,6/2/2018 15:57,33.217,22.674,,,,,
481,6/2/2018 16:02,32.415,23.099,,,,,
482,6/2/2018 16:07,32.569,23.981,,,,,
483,6/2/2018 16:12,32.492,20.913,,,,,
484,6/2/2018 16:17,32.569,21.063,,,,,
485,6/2/2018 16:22,32.595,22.28,,,,,
486,6/2/2018 16:27,32.26,22.904,,,,,
487,6/2/2018 16:32,32.595,23.351,,,,,
488,6/2/2018 16:37,32.415,22.974,,,,,
489,6/2/2018 16:42,32.802,23.315,,,,,
490,6/2/2018 16:47,32.647,21.966,,,,,
491,6/2/2018 16:52,32.906,23.828,,,,,
492,6/2/2018 16:57,33.191,22.095,,,,,
493,6/2/2018 17:02,33.139,21.921,,,,,
494,6/2/2018 17:07,32.983,18.382,,,,,
495,6/2/2018 17:12,32.055,20.717,,,,,
496,6/2/2018 17:17,31.594,21.529,,,,,
497,6/2/2018 17:22,31.594,20.512,,,,,
498,6/2/2018 17:27,31.466,20.498,,,,,
499,6/2/2018 17:32,31.186,21.974,,,,,
500,6/2/2018 17:37,31.211,21.686,,,,,
501,6/2/2018 17:42,30.881,21.706,,,,,
502,6/2/2018 17:47,30.603,22.517,,,,,
503,6/2/2018 17:52,30.527,23.503,,,,,
504,6/2/2018 17:57,30.149,22.792,,,,,
505,6/2/2018 18:02,29.922,22.974,,,,,
506,6/2/2018 18:07,29.747,24.365,,,,,
507,6/2/2018 18:12,29.296,24.186,,,,,
508,6/2/2018 18:17,28.822,25.228,,,,,
509,6/2/2018 18:22,28.029,26.632,,,,,
510,6/2/2018 18:27,27.265,27.564,,,,,
511,6/2/2018 18:32,27.118,27.999,,,,,
512,6/2/2018 18:37,27.29,28.932,,,,,
513,6/2/2018 18:42,27.019,28.812,,,,,
514,6/2/2018 18:47,26.823,30.302,,,,,
515,6/2/2018 18:52,26.31,30.054,,,,,
516,6/2/2018 18:57,25.871,30.039,,,,,
517,6/2/2018 19:02,25.531,30.343,,,,,
518,6/2/2018 19:07,25.142,29.566,,,,,
519,6/2/2018 19:12,24.755,30.381,,,,,
520,6/2/2018 19:17,24.561,31.783,,,,,
521,6/2/2018 19:22,24.344,32.069,,,,,
522,6/2/2018 19:27,24.103,32.87,,,,,
523,6/2/2018 19:32,23.91,33.824,,,,,
524,6/2/2018 19:37,23.645,32.551,,,,,
525,6/2/2018 19:42,23.453,33.748,,,,,
526,6/2/2018 19:47,23.261,34.377,,,,,
527,6/2/2018 19:52,23.021,35.152,,,,,
528,6/2/2018 19:57,22.757,36.151,,,,,
529,6/2/2018 20:02,22.469,37.296,,,,,
530,6/2/2018 20:07,22.182,39.041,,,,,
531,6/2/2018 20:12,21.847,38.929,,,,,
532,6/2/2018 20:17,21.608,40.763,,,,,
533,6/2/2018 20:22,21.25,41.816,,,,,
534,6/2/2018 20:27,20.94,42.641,,,,,
535,6/2/2018 20:32,20.583,43.977,,,,,
536,6/2/2018 20:37,20.154,45.08,,,,,
537,6/2/2018 20:42,19.844,46.003,,,,,
538,6/2/2018 20:47,19.487,46.49,,,,,
539,6/2/2018 20:52,19.297,47.364,,,,,
540,6/2/2018 20:57,19.107,47.956,,,,,
541,6/2/2018 21:02,18.917,48.703,,,,,
542,6/2/2018 21:07,18.75,49.174,,,,,
543,6/2/2018 21:12,18.56,49.607,,,,,
544,6/2/2018 21:17,18.393,50.115,,,,,
545,6/2/2018 21:22,18.322,50.885,,,,,
546,6/2/2018 21:27,18.06,51.506,,,,,
547,6/2/2018 21:32,17.965,52.355,,,,,
548,6/2/2018 21:37,17.941,53.268,,,,,
549,6/2/2018 21:42,17.68,53.579,,,,,
550,6/2/2018 21:47,17.632,54.482,,,,,
551,6/2/2018 21:52,17.347,54.477,,,,,
552,6/2/2018 21:57,17.252,55.183,,,,,
553,6/2/2018 22:02,17.228,55.83,,,,,
554,6/2/2018 22:07,17.18,56.127,,,,,
555,6/2/2018 22:12,17.037,56.466,,,,,
556,6/2/2018 22:17,16.942,56.691,,,,,
557,6/2/2018 22:22,16.871,57.129,,,,,
558,6/2/2018 22:27,16.871,57.635,,,,,
559,6/2/2018 22:32,16.799,57.767,,,,,
560,6/2/2018 22:37,16.704,58.123,,,,,
561,6/2/2018 22:42,16.537,58.179,,,,,
562,6/2/2018 22:47,16.561,58.699,,,,,
563,6/2/2018 22:52,16.633,59.102,,,,,
564,6/2/2018 22:57,16.68,59.243,,,,,
565,6/2/2018 23:02,16.704,59.349,,,,,
566,6/2/2018 23:07,16.633,59.522,,,,,
567,6/2/2018 23:12,16.371,59.112,,,,,
568,6/2/2018 23:17,16.371,59.615,,,,,
569,6/2/2018 23:22,16.275,59.61,,,,,
570,6/2/2018 23:27,16.18,59.79,,,,,
571,6/2/2018 23:32,16.061,59.762,,,,,
572,6/2/2018 23:37,16.037,60.071,,,,,
573,6/2/2018 23:42,16.061,60.479,,,,,
574,6/2/2018 23:47,15.965,60.562,,,,,
575,6/2/2018 23:52,15.822,60.477,,,,,
576,6/2/2018 23:57,15.798,60.617,,,,,
577,6/3/2018 0:02,15.798,60.769,,,,,
578,6/3/2018 0:07,15.846,61.19,,,,,
579,6/3/2018 0:12,15.751,61.166,,,,,
580,6/3/2018 0:17,15.703,61.24,,,,,
581,6/3/2018 0:22,15.727,61.472,,,,,
582,6/3/2018 0:27,15.942,61.995,,,,,
583,6/3/2018 0:32,15.918,61.884,,,,,
584,6/3/2018 0:37,15.798,61.812,,,,,
585,6/3/2018 0:42,15.464,61.502,,,,,
586,6/3/2018 0:47,15.44,62.027,,,,,
587,6/3/2018 0:52,15.345,62.033,,,,,
588,6/3/2018 0:57,15.297,62.16,,,,,
589,6/3/2018 1:02,15.44,62.725,,,,,
590,6/3/2018 1:07,15.536,62.879,,,,,
591,6/3/2018 1:12,15.56,62.821,,,,,
592,6/3/2018 1:17,15.464,62.789,,,,,
593,6/3/2018 1:22,15.56,63.306,,,,,
594,6/3/2018 1:27,15.44,63.133,,,,,
595,6/3/2018 1:32,15.393,63.325,,,,,
596,6/3/2018 1:37,15.369,63.422,,,,,
597,6/3/2018 1:42,15.178,63.173,,,,,
598,6/3/2018 1:47,15.058,63.254,,,,,
599,6/3/2018 1:52,14.867,63.207,,,,,
600,6/3/2018 1:57,14.628,62.857,,,,,
601,6/3/2018 2:02,14.436,62.831,,,,,
602,6/3/2018 2:07,14.364,63.213,,,,,
603,6/3/2018 2:12,14.436,63.501,,,,,
604,6/3/2018 2:17,14.436,63.573,,,,,
605,6/3/2018 2:22,14.412,63.506,,,,,
606,6/3/2018 2:27,14.364,63.607,,,,,
607,6/3/2018 2:32,14.364,63.698,,,,,
608,6/3/2018 2:37,14.46,63.881,,,,,
609,6/3/2018 2:42,14.388,63.804,,,,,
610,6/3/2018 2:47,14.412,64.041,,,,,
611,6/3/2018 2:52,14.436,64.149,,,,,
612,6/3/2018 2:57,14.364,63.958,,,,,
613,6/3/2018 3:02,14.364,64.146,,,,,
614,6/3/2018 3:07,14.436,64.418,,,,,
615,6/3/2018 3:12,14.46,64.452,,,,,
616,6/3/2018 3:17,14.388,64.39,,,,,
617,6/3/2018 3:22,14.364,64.453,,,,,
618,6/3/2018 3:27,14.316,64.386,,,,,
619,6/3/2018 3:32,14.22,64.445,,,,,
620,6/3/2018 3:37,14.244,64.674,,,,,
621,6/3/2018 3:42,14.196,64.744,,,,,
622,6/3/2018 3:47,14.148,64.675,,,,,
623,6/3/2018 3:52,14.125,64.7,,,,,
624,6/3/2018 3:57,14.029,64.642,,,,,
625,6/3/2018 4:02,13.981,64.633,,,,,
626,6/3/2018 4:07,13.909,64.648,,,,,
627,6/3/2018 4:12,13.837,64.722,,,,,
628,6/3/2018 4:17,13.765,64.582,,,,,
629,6/3/2018 4:22,13.596,64.369,,,,,
630,6/3/2018 4:27,13.428,64.406,,,,,
631,6/3/2018 4:32,13.187,63.977,,,,,
632,6/3/2018 4:37,13.139,64.375,,,,,
633,6/3/2018 4:42,13.115,64.607,,,,,
634,6/3/2018 4:47,13.212,64.817,,,,,
635,6/3/2018 4:52,13.187,64.706,,,,,
636,6/3/2018 4:57,13.212,64.836,,,,,
637,6/3/2018 5:02,13.236,64.812,,,,,
638,6/3/2018 5:07,13.139,64.716,,,,,
639,6/3/2018 5:12,13.163,64.983,,,,,
640,6/3/2018 5:17,13.067,64.77,,,,,
641,6/3/2018 5:22,13.139,65.008,,,,,
642,6/3/2018 5:27,13.236,65.166,,,,,
643,6/3/2018 5:32,13.212,65.072,,,,,
644,6/3/2018 5:37,13.139,64.93,,,,,
645,6/3/2018 5:42,13.163,65.122,,,,,
646,6/3/2018 5:47,13.187,65.237,,,,,
647,6/3/2018 5:52,13.212,65.211,,,,,
648,6/3/2018 5:57,13.236,65.307,,,,,
649,6/3/2018 6:02,13.212,65.272,,,,,
650,6/3/2018 6:07,13.212,65.272,,,,,
651,6/3/2018 6:12,13.139,65.127,,,,,
652,6/3/2018 6:17,13.236,65.409,,,,,
653,6/3/2018 6:22,13.284,65.542,,,,,
654,6/3/2018 6:27,13.404,65.662,,,,,
655,6/3/2018 6:32,13.572,65.775,,,,,
656,6/3/2018 6:37,13.644,65.697,,,,,
657,6/3/2018 6:42,13.765,65.736,,,,,
658,6/3/2018 6:47,13.861,65.737,,,,,
659,6/3/2018 6:52,14.053,65.912,,,,,
660,6/3/2018 6:57,14.316,66.167,,,,,
661,6/3/2018 7:02,14.436,66.032,,,,,
662,6/3/2018 7:07,14.675,66.184,,,,,
663,6/3/2018 7:12,15.01,66.484,,,,,
664,6/3/2018 7:17,15.297,66.568,,,,,
665,6/3/2018 7:22,15.512,66.502,,,,,
666,6/3/2018 7:27,15.751,66.385,,,,,
667,6/3/2018 7:32,16.18,66.348,,,,,
668,6/3/2018 7:37,17.061,67.507,,,,,
669,6/3/2018 7:42,17.228,67.503,,,,,
670,6/3/2018 7:47,17.489,67.243,,,,,
671,6/3/2018 7:52,17.656,67.056,,,,,
672,6/3/2018 7:57,17.823,66.1,,,,,
673,6/3/2018 8:02,18.274,65.702,,,,,
674,6/3/2018 8:07,18.798,65.96,,,,,
675,6/3/2018 8:12,18.964,65.662,,,,,
676,6/3/2018 8:17,20.13,65.314,,,,,
677,6/3/2018 8:22,21.776,62.997,,,,,
678,6/3/2018 8:27,23.381,54.445,,,,,
679,6/3/2018 8:32,25.118,47.599,,,,,
680,6/3/2018 8:37,28.004,44.038,,,,,
681,6/3/2018 8:42,29.296,36.333,,,,,
682,6/3/2018 8:47,29.496,31.109,,,,,
683,6/3/2018 8:52,30.249,31.203,,,,,
684,6/3/2018 8:57,31.262,28.658,,,,,
685,6/3/2018 9:02,31.978,26.672,,,,,
686,6/3/2018 9:07,33.373,26.311,,,,,
687,6/3/2018 9:12,34.237,23.704,,,,,
688,6/3/2018 9:17,35.377,24.307,,,,,
689,6/3/2018 9:22,35.725,23.482,,,,,
690,6/3/2018 9:27,36.209,22.45,,,,,
691,6/3/2018 9:32,36.372,20.864,,,,,
692,6/3/2018 9:37,36.67,18.682,,,,,
693,6/3/2018 9:42,37.079,18.56,,,,,
694,6/3/2018 9:47,37.793,17.3,,,,,
695,6/3/2018 9:52,37.848,15,,,,,
696,6/3/2018 9:57,37.931,15,,,,,
697,6/3/2018 10:02,38.264,15,,,,,
698,6/3/2018 10:07,37.655,15,,,,,
699,6/3/2018 10:12,37.161,15,,,,,
700,6/3/2018 10:17,37.161,15,,,,,
701,6/3/2018 10:22,36.643,15,,,,,
702,6/3/2018 10:27,36.915,15,,,,,
703,6/3/2018 10:32,36.997,15,,,,,
704,6/3/2018 10:37,37.738,15,,,,,
705,6/3/2018 10:42,37.986,15,,,,,
706,6/3/2018 10:47,38.347,15,,,,,
707,6/3/2018 10:52,39.272,15,,,,,
708,6/3/2018 10:57,40.239,15,,,,,
709,6/3/2018 11:02,40.125,15,,,,,
710,6/3/2018 11:07,40.498,15,,,,,
711,6/3/2018 11:12,40.815,15,,,,,
712,6/3/2018 11:17,41.484,15,,,,,
713,6/3/2018 11:22,41.836,15,,,,,
714,6/3/2018 11:27,41.279,15,,,,,
715,6/3/2018 11:32,41.865,15,,,,,
716,6/3/2018 11:37,41.63,15,,,,,
717,6/3/2018 11:42,41.983,15,,,,,
718,6/3/2018 11:47,42.368,15,,,,,
719,6/3/2018 11:52,43.115,15,,,,,
720,6/3/2018 11:57,43.055,15,,,,,
721,6/3/2018 12:02,42.16,15,,,,,
722,6/3/2018 12:07,42.755,15,,,,,
723,6/3/2018 12:12,42.995,15,,,,,
724,6/3/2018 12:17,43.115,15,,,,,
725,6/3/2018 12:22,43.902,15,,,,,
726,6/3/2018 12:27,43.659,15,,,,,
727,6/3/2018 12:32,43.963,15,,,,,
728,6/3/2018 12:37,43.507,15,,,,,
729,6/3/2018 12:42,42.875,15,,,,,
730,6/3/2018 12:47,43.145,15,,,,,
731,6/3/2018 12:52,43.963,15,,,,,
732,6/3/2018 12:57,43.085,15,,,,,
733,6/3/2018 13:02,43.115,15,,,,,
734,6/3/2018 13:07,42.785,15,,,,,
735,6/3/2018 13:12,43.568,15,,,,,
736,6/3/2018 13:17,43.085,15,,,,,
737,6/3/2018 13:22,42.16,15,,,,,
738,6/3/2018 13:27,42.636,15,,,,,
739,6/3/2018 13:32,43.175,15,,,,,
740,6/3/2018 13:37,42.279,15,,,,,
741,6/3/2018 13:42,42.546,15,,,,,
742,6/3/2018 13:47,41.954,15,,,,,
743,6/3/2018 13:52,42.249,15,,,,,
744,6/3/2018 13:57,42.22,15,,,,,
745,6/3/2018 14:02,42.606,15,,,,,
746,6/3/2018 14:07,42.368,15,,,,,
747,6/3/2018 14:12,41.924,15,,,,,
748,6/3/2018 14:17,42.368,15,,,,,
749,6/3/2018 14:22,42.042,15,,,,,
750,6/3/2018 14:27,41.806,15,,,,,
751,6/3/2018 14:32,42.042,15,,,,,
752,6/3/2018 14:37,42.308,15,,,,,
753,6/3/2018 14:42,42.101,15,,,,,
754,6/3/2018 14:47,41.396,15,,,,,
755,6/3/2018 14:52,41.865,15,,,,,
756,6/3/2018 14:57,42.457,15,,,,,
757,6/3/2018 15:02,41.777,15,,,,,
758,6/3/2018 15:07,41.484,15,,,,,
759,6/3/2018 15:12,40.844,15,,,,,
760,6/3/2018 15:17,40.902,15,,,,,
761,6/3/2018 15:22,41.163,15,,,,,
762,6/3/2018 15:27,40.526,15,,,,,
763,6/3/2018 15:32,40.989,15,,,,,
764,6/3/2018 15:37,40.555,15,,,,,
765,6/3/2018 15:42,40.354,15,,,,,
766,6/3/2018 15:47,40.182,15,,,,,
767,6/3/2018 15:52,40.469,15,,,,,
768,6/3/2018 15:57,40.268,15,,,,,
769,6/3/2018 16:02,39.64,15,,,,,
770,6/3/2018 16:07,39.47,15,,,,,
771,6/3/2018 16:12,39.075,15,,,,,
772,6/3/2018 16:17,39.47,15,,,,,
773,6/3/2018 16:22,39.725,15,,,,,
774,6/3/2018 16:27,39.272,15,,,,,
775,6/3/2018 16:32,39.3,15,,,,,
776,6/3/2018 16:37,38.57,15,,,,,
777,6/3/2018 16:42,38.403,15,,,,,
778,6/3/2018 16:47,38.153,15,,,,,
779,6/3/2018 16:52,38.375,15,,,,,
780,6/3/2018 16:57,38.626,15,,,,,
781,6/3/2018 17:02,38.738,15,,,,,
782,6/3/2018 17:07,38.626,15,,,,,
783,6/3/2018 17:12,38.626,15,,,,,
784,6/3/2018 17:17,38.878,15,,,,,
785,6/3/2018 17:22,39.019,15,,,,,
786,6/3/2018 17:27,38.319,15,,,,,
787,6/3/2018 17:32,38.514,15,,,,,
788,6/3/2018 17:37,38.626,15,,,,,
789,6/3/2018 17:42,38.153,15,,,,,
790,6/3/2018 17:47,37.848,15,,,,,
791,6/3/2018 17:52,37.49,15,,,,,
792,6/3/2018 17:57,37.325,15,,,,,
793,6/3/2018 18:02,36.969,15,,,,,
794,6/3/2018 18:07,36.399,15,,,,,
795,6/3/2018 18:12,34.792,15,,,,,
796,6/3/2018 18:17,32.518,15,,,,,
797,6/3/2018 18:22,30.78,15.835,,,,,
798,6/3/2018 18:27,30.199,18.787,,,,,
799,6/3/2018 18:32,29.696,19.977,,,,,
800,6/3/2018 18:37,29.696,20.146,,,,,
801,6/3/2018 18:42,29.646,21.798,,,,,
802,6/3/2018 18:47,29.496,23.182,,,,,
803,6/3/2018 18:52,29.246,22.991,,,,,
804,6/3/2018 18:57,28.947,24.922,,,,,
805,6/3/2018 19:02,28.45,25.48,,,,,
806,6/3/2018 19:07,28.153,26.669,,,,,
807,6/3/2018 19:12,27.856,26.712,,,,,
808,6/3/2018 19:17,27.486,25.89,,,,,
809,6/3/2018 19:22,27.265,27.608,,,,,
810,6/3/2018 19:27,27.733,18.93,,,,,
811,6/3/2018 19:32,28.574,16.483,,,,,
812,6/3/2018 19:37,29.221,15,,,,,
813,6/3/2018 19:42,29.496,15,,,,,
814,6/3/2018 19:47,29.671,17.251,,,,,
815,6/3/2018 19:52,29.521,16.744,,,,,
816,6/3/2018 19:57,29.321,21.153,,,,,
817,6/3/2018 20:02,29.022,24.617,,,,,
818,6/3/2018 20:07,28.276,26.68,,,,,
819,6/3/2018 20:12,27.659,29.819,,,,,
820,6/3/2018 20:17,26.848,28.99,,,,,
821,6/3/2018 20:22,25.774,27.138,,,,,
822,6/3/2018 20:27,24.682,29.649,,,,,
823,6/3/2018 20:32,23.525,33.168,,,,,
824,6/3/2018 20:37,22.517,33.567,,,,,
825,6/3/2018 20:42,21.656,35.424,,,,,
826,6/3/2018 20:47,20.964,38.134,,,,,
827,6/3/2018 20:52,20.535,44.492,,,,,
828,6/3/2018 20:57,20.225,44.875,,,,,
829,6/3/2018 21:02,19.797,44.282,,,,,
830,6/3/2018 21:07,19.321,44.563,,,,,
831,6/3/2018 21:12,19.131,46.598,,,,,
832,6/3/2018 21:17,18.798,48.599,,,,,
833,6/3/2018 21:22,18.56,47.975,,,,,
834,6/3/2018 21:27,18.393,48.362,,,,,
835,6/3/2018 21:32,18.512,48.383,,,,,
836,6/3/2018 21:37,18.607,50.285,,,,,
837,6/3/2018 21:42,18.465,50.693,,,,,
838,6/3/2018 21:47,18.227,51.741,,,,,
839,6/3/2018 21:52,18.013,51.931,,,,,
840,6/3/2018 21:57,17.775,51.825,,,,,
841,6/3/2018 22:02,17.585,52.1,,,,,
842,6/3/2018 22:07,17.323,51.307,,,,,
843,6/3/2018 22:12,17.109,50.119,,,,,
844,6/3/2018 22:17,17.275,47.454,,,,,
845,6/3/2018 22:22,17.751,46.505,,,,,
846,6/3/2018 22:27,17.87,46.584,,,,,
847,6/3/2018 22:32,17.656,48.309,,,,,
848,6/3/2018 22:37,17.371,50.287,,,,,
849,6/3/2018 22:42,17.275,50.717,,,,,
850,6/3/2018 22:47,17.252,51.542,,,,,
851,6/3/2018 22:52,17.014,51.881,,,,,
852,6/3/2018 22:57,16.728,53.346,,,,,
853,6/3/2018 23:02,16.347,53.883,,,,,
854,6/3/2018 23:07,16.085,54.275,,,,,
855,6/3/2018 23:12,16.228,53.711,,,,,
856,6/3/2018 23:17,16.299,54.165,,,,,
857,6/3/2018 23:22,16.251,55.188,,,,,
858,6/3/2018 23:27,16.085,55.034,,,,,
859,6/3/2018 23:32,16.108,55.398,,,,,
860,6/3/2018 23:37,15.942,55.157,,,,,
861,6/3/2018 23:42,15.822,54.754,,,,,
862,6/3/2018 23:47,15.87,54.927,,,,,
863,6/3/2018 23:52,15.942,55.327,,,,,
864,6/3/2018 23:57,16.061,56.53,,,,,
865,6/4/2018 0:02,15.965,56.544,,,,,
866,6/4/2018 0:07,15.655,56.985,,,,,
867,6/4/2018 0:12,15.536,58.031,,,,,
868,6/4/2018 0:17,15.608,58.926,,,,,
869,6/4/2018 0:22,15.56,59.384,,,,,
870,6/4/2018 0:27,15.488,59.539,,,,,
871,6/4/2018 0:32,15.369,59.99,,,,,
872,6/4/2018 0:37,15.417,60.921,,,,,
873,6/4/2018 0:42,15.393,61.298,,,,,
874,6/4/2018 0:47,15.512,61.683,,,,,
875,6/4/2018 0:52,15.44,61.476,,,,,
876,6/4/2018 0:57,15.225,61.228,,,,,
877,6/4/2018 1:02,15.058,61.145,,,,,
878,6/4/2018 1:07,14.963,61.557,,,,,
879,6/4/2018 1:12,14.939,61.802,,,,,
880,6/4/2018 1:17,14.795,61.377,,,,,
881,6/4/2018 1:22,14.508,61.43,,,,,
882,6/4/2018 1:27,14.436,61.919,,,,,
883,6/4/2018 1:32,14.412,62.348,,,,,
884,6/4/2018 1:37,14.46,62.554,,,,,
885,6/4/2018 1:42,14.412,63.027,,,,,
886,6/4/2018 1:47,14.364,63.426,,,,,
887,6/4/2018 1:52,14.364,63.444,,,,,
888,6/4/2018 1:57,14.412,63.743,,,,,
889,6/4/2018 2:02,14.388,64.198,,,,,
890,6/4/2018 2:07,14.292,64.067,,,,,
891,6/4/2018 2:12,14.436,64.399,,,,,
892,6/4/2018 2:17,14.508,64.5,,,,,
893,6/4/2018 2:22,14.388,64.585,,,,,
894,6/4/2018 2:27,14.364,65.173,,,,,
895,6/4/2018 2:32,14.22,65.08,,,,,
896,6/4/2018 2:37,14.053,64.874,,,,,
897,6/4/2018 2:42,14.148,65.28,,,,,
898,6/4/2018 2:47,14.22,65.515,,,,,
899,6/4/2018 2:52,14.244,65.531,,,,,
900,6/4/2018 2:57,14.46,65.851,,,,,
901,6/4/2018 3:02,14.604,65.866,,,,,
902,6/4/2018 3:07,14.699,65.935,,,,,
903,6/4/2018 3:12,14.723,65.908,,,,,
904,6/4/2018 3:17,14.747,65.947,,,,,
905,6/4/2018 3:22,14.771,66.031,,,,,
906,6/4/2018 3:27,14.699,65.913,,,,,
907,6/4/2018 3:32,14.675,66.028,,,,,
908,6/4/2018 3:37,14.723,66.197,,,,,
909,6/4/2018 3:42,14.771,66.438,,,,,
910,6/4/2018 3:47,14.795,66.41,,,,,
911,6/4/2018 3:52,14.771,66.278,,,,,
912,6/4/2018 3:57,15.034,66.643,,,,,
913,6/4/2018 4:02,15.321,66.849,,,,,
914,6/4/2018 4:07,15.512,66.982,,,,,
915,6/4/2018 4:12,15.608,66.794,,,,,
916,6/4/2018 4:17,15.608,66.674,,,,,
917,6/4/2018 4:22,15.608,66.722,,,,,
918,6/4/2018 4:27,15.584,66.678,,,,,
919,6/4/2018 4:32,15.631,66.741,,,,,
920,6/4/2018 4:37,15.775,65.988,,,,,
921,6/4/2018 4:42,15.822,65.271,,,,,
922,6/4/2018 4:47,15.822,64.581,,,,,
923,6/4/2018 4:52,15.775,64.429,,,,,
924,6/4/2018 4:57,15.608,64.03,,,,,
925,6/4/2018 5:02,15.56,64.138,,,,,
926,6/4/2018 5:07,15.56,64.216,,,,,
927,6/4/2018 5:12,15.655,64.394,,,,,
928,6/4/2018 5:17,15.751,64.575,,,,,
929,6/4/2018 5:22,15.846,64.414,,,,,
930,6/4/2018 5:27,15.894,64.244,,,,,
931,6/4/2018 5:32,15.894,63.969,,,,,
932,6/4/2018 5:37,15.942,63.842,,,,,
933,6/4/2018 5:42,15.989,63.717,,,,,
934,6/4/2018 5:47,16.013,63.56,,,,,
935,6/4/2018 5:52,16.061,63.625,,,,,
936,6/4/2018 5:57,16.085,63.754,,,,,
937,6/4/2018 6:02,16.156,64.03,,,,,
938,6/4/2018 6:07,16.085,63.773,,,,,
939,6/4/2018 6:12,15.989,63.527,,,,,
940,6/4/2018 6:17,15.989,63.471,,,,,
941,6/4/2018 6:22,16.061,62.922,,,,,
942,6/4/2018 6:27,16.132,62.446,,,,,
943,6/4/2018 6:32,16.18,62.024,,,,,
944,6/4/2018 6:37,16.251,61.625,,,,,
945,6/4/2018 6:42,16.394,60.656,,,,,
946,6/4/2018 6:47,16.514,60.46,,,,,
947,6/4/2018 6:52,16.585,59.966,,,,,
948,6/4/2018 6:57,16.704,59.195,,,,,
949,6/4/2018 7:02,16.823,56.223,,,,,
950,6/4/2018 7:07,16.918,53.282,,,,,
951,6/4/2018 7:12,17.18,52.701,,,,,
952,6/4/2018 7:17,17.418,52.056,,,,,
953,6/4/2018 7:22,17.632,50.295,,,,,
954,6/4/2018 7:27,17.87,49.202,,,,,
955,6/4/2018 7:32,17.894,49.22,,,,,
956,6/4/2018 7:37,18.037,48.809,,,,,
957,6/4/2018 7:42,18.346,47.452,,,,,
958,6/4/2018 7:47,18.988,46.022,,,,,
959,6/4/2018 7:52,19.44,44.444,,,,,
960,6/4/2018 7:57,19.392,44.034,,,,,
961,6/4/2018 8:02,19.131,44.606,,,,,
962,6/4/2018 8:07,18.702,44.873,,,,,
963,6/4/2018 8:12,18.726,46.371,,,,,
964,6/4/2018 8:17,18.917,46.228,,,,,
965,6/4/2018 8:22,18.94,45.86,,,,,
966,6/4/2018 8:27,18.702,44.524,,,,,
967,6/4/2018 8:32,18.679,44.865,,,,,
968,6/4/2018 8:37,18.821,44.655,,,,,
969,6/4/2018 8:42,19.107,45.099,,,,,
970,6/4/2018 8:47,19.083,45.045,,,,,
971,6/4/2018 8:52,18.917,44.807,,,,,
972,6/4/2018 8:57,18.988,45.242,,,,,
973,6/4/2018 9:02,19.202,47.077,,,,,
974,6/4/2018 9:07,19.654,44.933,,,,,
975,6/4/2018 9:12,19.583,42.459,,,,,
976,6/4/2018 9:17,19.678,42.757,,,,,
977,6/4/2018 9:22,19.892,43.678,,,,,
978,6/4/2018 9:27,20.035,42.945,,,,,
979,6/4/2018 9:32,20.201,42.461,,,,,
980,6/4/2018 9:37,20.678,41.56,,,,,
981,6/4/2018 9:42,21.131,40.548,,,,,
982,6/4/2018 9:47,21.083,40.843,,,,,
983,6/4/2018 9:52,21.298,39.66,,,,,
984,6/4/2018 9:57,21.346,39.533,,,,,
985,6/4/2018 10:02,21.274,40.979,,,,,
986,6/4/2018 10:07,20.916,40.109,,,,,
987,6/4/2018 10:12,21.179,41.07,,,,,
988,6/4/2018 10:17,21.632,41.08,,,,,
989,6/4/2018 10:22,21.919,39.903,,,,,
990,6/4/2018 10:27,22.158,39.426,,,,,
991,6/4/2018 10:32,22.134,38.729,,,,,
992,6/4/2018 10:37,21.656,40.398,,,,,
993,6/4/2018 10:42,21.059,42.802,,,,,
994,6/4/2018 10:47,20.773,43.995,,,,,
995,6/4/2018 10:52,20.583,44.6,,,,,
996,6/4/2018 10:57,20.44,44.986,,,,,
997,6/4/2018 11:02,20.273,44.8,,,,,
998,6/4/2018 11:07,20.344,44.542,,,,,
999,6/4/2018 11:12,20.416,43.193,,,,,
1000,6/4/2018 11:17,20.463,42.64,,,,,
1001,6/4/2018 11:22,20.511,43.846,,,,,
1002,6/4/2018 11:27,20.702,44.039,,,,,
1003,6/4/2018 11:32,20.916,43.869,,,,,
1004,6/4/2018 11:37,21.25,43.586,,,,,
1005,6/4/2018 11:42,21.752,42.001,,,,,
1006,6/4/2018 11:47,21.967,41.026,,,,,
1007,6/4/2018 11:52,22.062,40.159,,,,,
1008,6/4/2018 11:57,22.206,39.888,,,,,
1009,6/4/2018 12:02,22.757,39.59,,,,,
1010,6/4/2018 12:07,23.549,37.831,,,,,
1011,6/4/2018 12:12,24.731,35.879,,,,,
1012,6/4/2018 12:17,25.167,35.543,,,,,
1013,6/4/2018 12:22,25.361,33.231,,,,,
1014,6/4/2018 12:27,24.658,34.15,,,,,
1015,6/4/2018 12:32,24.223,35.203,,,,,
1016,6/4/2018 12:37,23.886,36.278,,,,,
1017,6/4/2018 12:42,23.453,37.352,,,,,
1018,6/4/2018 12:47,22.397,39.894,,,,,
1019,6/4/2018 12:52,22.254,40.771,,,,,
1020,6/4/2018 12:57,22.541,41.063,,,,,
1021,6/4/2018 13:02,22.757,39.015,,,,,
1022,6/4/2018 13:07,23.189,37.845,,,,,
1023,6/4/2018 13:12,23.79,37.314,,,,,
1024,6/4/2018 13:17,24.006,36.243,,,,,
1025,6/4/2018 13:22,24.779,35.525,,,,,
1026,6/4/2018 13:27,25.191,34.079,,,,,
1027,6/4/2018 13:32,25.895,31.543,,,,,
1028,6/4/2018 13:37,26.848,30.529,,,,,
1029,6/4/2018 13:42,27.363,29.475,,,,,
1030,6/4/2018 13:47,27.437,28.977,,,,,
1031,6/4/2018 13:52,26.823,28.646,,,,,
1032,6/4/2018 13:57,27.413,28.393,,,,,
1033,6/4/2018 14:02,28.524,27.108,,,,,
1034,6/4/2018 14:07,29.671,25.558,,,,,
1035,6/4/2018 14:12,29.371,25.685,,,,,
1036,6/4/2018 14:17,28.872,26.442,,,,,
1037,6/4/2018 14:22,28.947,20.406,,,,,
1038,6/4/2018 14:27,29.321,19.889,,,,,
1039,6/4/2018 14:32,29.346,21,,,,,
1040,6/4/2018 14:37,29.973,19.003,,,,,
1041,6/4/2018 14:42,30.577,16.881,,,,,
1042,6/4/2018 14:47,29.722,19.227,,,,,
1043,6/4/2018 14:52,29.822,20.936,,,,,
1044,6/4/2018 14:57,29.922,21.102,,,,,
1045,6/4/2018 15:02,29.571,19.101,,,,,
1046,6/4/2018 15:07,28.549,20.668,,,,,
1047,6/4/2018 15:12,28.773,21.524,,,,,
1048,6/4/2018 15:17,29.822,21.786,,,,,
1049,6/4/2018 15:22,30.199,21.984,,,,,
1050,6/4/2018 15:27,30.527,20.84,,,,,
1051,6/4/2018 15:32,30.957,20.508,,,,,
1052,6/4/2018 15:37,30.35,20.483,,,,,
1053,6/4/2018 15:42,29.321,19.423,,,,,
1054,6/4/2018 15:47,29.596,18.88,,,,,
1055,6/4/2018 15:52,29.998,16.923,,,,,
1056,6/4/2018 15:57,28.748,20.578,,,,,
1057,6/4/2018 16:02,28.922,22.094,,,,,
1058,6/4/2018 16:07,28.773,21.105,,,,,
1059,6/4/2018 16:12,30.149,17.124,,,,,
1060,6/4/2018 16:17,30.3,18.187,,,,,
1061,6/4/2018 16:22,29.772,18.347,,,,,
1062,6/4/2018 16:27,29.897,17.537,,,,,
1063,6/4/2018 16:32,30.048,18.966,,,,,
1064,6/4/2018 16:37,29.296,19.03,,,,,
1065,6/4/2018 16:42,30.023,20.161,,,,,
1066,6/4/2018 16:47,29.696,17.777,,,,,
1067,6/4/2018 16:52,30.098,18.176,,,,,
1068,6/4/2018 16:57,29.571,20.204,,,,,
1069,6/4/2018 17:02,30.073,18.53,,,,,
1070,6/4/2018 17:07,29.872,18.847,,,,,
1071,6/4/2018 17:12,29.973,19.003,,,,,
1072,6/4/2018 17:17,29.246,20.748,,,,,
1073,6/4/2018 17:22,29.146,21.63,,,,,
1074,6/4/2018 17:27,28.698,22.359,,,,,
1075,6/4/2018 17:32,28.375,22.075,,,,,
1076,6/4/2018 17:37,28.599,22.567,,,,,
1077,6/4/2018 17:42,28.599,21.462,,,,,
1078,6/4/2018 17:47,29.271,21.578,,,,,
1079,6/4/2018 17:52,28.997,20.215,,,,,
1080,6/4/2018 17:57,29.146,22.93,,,,,
1081,6/4/2018 18:02,28.673,22.593,,,,,
1082,6/4/2018 18:07,28.624,23.775,,,,,
1083,6/4/2018 18:12,28.549,23.715,,,,,
1084,6/4/2018 18:17,28.549,21.202,,,,,
1085,6/4/2018 18:22,28.773,23.453,,,,,
1086,6/4/2018 18:27,28.673,22.538,,,,,
1087,6/4/2018 18:32,28.574,21.675,,,,,
1088,6/4/2018 18:37,28.723,22.406,,,,,
1089,6/4/2018 18:42,28.227,22.659,,,,,
1090,6/4/2018 18:47,27.757,22.265,,,,,
1091,6/4/2018 18:52,27.388,22.822,,,,,
1092,6/4/2018 18:57,26.823,23.991,,,,,
1093,6/4/2018 19:02,26.823,24.708,,,,,
1094,6/4/2018 19:07,26.75,25.918,,,,,
1095,6/4/2018 19:12,26.53,25.737,,,,,
1096,6/4/2018 19:17,26.799,25.378,,,,,
1097,6/4/2018 19:22,26.75,25.075,,,,,
1098,6/4/2018 19:27,26.823,25.37,,,,,
1099,6/4/2018 19:30,,,Logged,,,,
1100,6/4/2018 19:32,26.921,25.703,,,,,
1101,6/4/2018 19:37,26.725,25.8,,,,,
1102,6/4/2018 19:42,26.163,27.391,,,,,
1103,6/4/2018 19:47,26.042,27.525,,,,,
1104,6/4/2018 19:52,26.359,28.06,,,,,
1105,6/4/2018 19:57,26.725,25.736,,,,,
1106,6/4/2018 20:02,26.554,26.313,,,,,
1107,6/4/2018 20:07,26.554,26.284,,,,,
1108,6/4/2018 20:12,26.359,27.005,,,,,
1109,6/4/2018 20:17,26.261,26.635,,,,,
1110,6/4/2018 20:22,26.115,27.184,,,,,
1111,6/4/2018 20:27,25.774,27.316,,,,,
1112,6/4/2018 20:32,25.191,29.639,,,,,
1113,6/4/2018 20:37,24.706,30.459,,,,,
1114,6/4/2018 20:42,24.489,30.507,,,,,
1115,6/4/2018 20:47,24.32,30.789,,,,,
1116,6/4/2018 20:52,23.91,31.825,,,,,
1117,6/4/2018 20:57,23.717,32.302,,,,,
1118,6/4/2018 21:02,23.525,33.014,,,,,
1119,6/4/2018 21:07,23.549,32.44,,,,,
1120,6/4/2018 21:12,23.501,32.275,,,,,
1121,6/4/2018 21:17,23.525,32.384,,,,,
1122,6/4/2018 21:22,23.405,32.733,,,,,
1123,6/4/2018 21:27,23.165,32.999,,,,,
1124,6/4/2018 21:32,23.189,32.288,,,,,
1125,6/4/2018 21:37,22.997,32.84,,,,,
1126,6/4/2018 21:42,22.709,33.499,,,,,
1127,6/4/2018 21:47,22.326,34.608,,,,,
1128,6/4/2018 21:52,21.991,35.385,,,,,
1129,6/4/2018 21:57,21.656,36.119,,,,,
1130,6/4/2018 22:02,21.346,36.772,,,,,
1131,6/4/2018 22:07,21.584,36.451,,,,,
1132,6/4/2018 22:12,21.632,36.362,,,,,
1133,6/4/2018 22:17,21.704,36.388,,,,,
1134,6/4/2018 22:22,21.608,36.546,,,,,
1135,6/4/2018 22:27,21.441,37.143,,,,,
1136,6/4/2018 22:32,21.417,37.337,,,,,
1137,6/4/2018 22:37,21.179,37.707,,,,,
1138,6/4/2018 22:42,21.298,37.487,,,,,
1139,6/4/2018 22:47,21.322,37.559,,,,,
1140,6/4/2018 22:52,21.179,37.602,,,,,
1141,6/4/2018 22:57,21.012,38.077,,,,,
1142,6/4/2018 23:02,21.083,37.909,,,,,
1143,6/4/2018 23:07,21.274,37.3,,,,,
1144,6/4/2018 23:12,21.012,38.12,,,,,
1145,6/4/2018 23:17,20.892,38.427,,,,,
1146,6/4/2018 23:22,20.892,38.232,,,,,
1147,6/4/2018 23:27,20.797,38.346,,,,,
1148,6/4/2018 23:32,20.463,39.451,,,,,
1149,6/4/2018 23:37,20.178,40.285,,,,,
1150,6/4/2018 23:42,19.678,41.718,,,,,
1151,6/4/2018 23:47,19.368,42.973,,,,,
1152,6/4/2018 23:52,19.25,43.116,,,,,
1153,6/4/2018 23:57,19.63,42.315,,,,,
1154,6/5/2018 0:02,19.464,42.769,,,,,
1155,6/5/2018 0:07,19.725,42.194,,,,,
1156,6/5/2018 0:12,19.749,41.827,,,,,
1157,6/5/2018 0:17,19.678,42.109,,,,,
1158,6/5/2018 0:22,19.868,41.32,,,,,
1159,6/5/2018 0:27,19.725,41.796,,,,,
1160,6/5/2018 0:32,19.535,42.229,,,,,
1161,6/5/2018 0:37,19.487,42.366,,,,,
1162,6/5/2018 0:42,19.297,43.094,,,,,
1163,6/5/2018 0:47,18.94,44.141,,,,,
1164,6/5/2018 0:52,18.774,44.639,,,,,
1165,6/5/2018 0:57,18.417,45.324,,,,,
1166,6/5/2018 1:02,18.084,46.882,,,,,
1167,6/5/2018 1:07,18.132,46.79,,,,,
1168,6/5/2018 1:12,18.037,47.169,,,,,
1169,6/5/2018 1:17,17.727,47.867,,,,,
1170,6/5/2018 1:22,17.608,48.896,,,,,
1171,6/5/2018 1:27,17.323,49.871,,,,,
1172,6/5/2018 1:32,17.109,50.085,,,,,
1173,6/5/2018 1:37,16.823,51.63,,,,,
1174,6/5/2018 1:42,16.728,52.652,,,,,
1175,6/5/2018 1:47,16.823,52.108,,,,,
1176,6/5/2018 1:52,16.609,52.612,,,,,
1177,6/5/2018 1:57,16.633,52.642,,,,,
1178,6/5/2018 2:02,16.704,51.952,,,,,
1179,6/5/2018 2:07,16.537,52.8,,,,,
1180,6/5/2018 2:12,16.68,52.341,,,,,
1181,6/5/2018 2:17,16.942,51.569,,,,,
1182,6/5/2018 2:22,17.109,50.801,,,,,
1183,6/5/2018 2:27,16.752,51.776,,,,,
1184,6/5/2018 2:32,16.299,53.506,,,,,
1185,6/5/2018 2:37,16.037,55.258,,,,,
1186,6/5/2018 2:42,15.894,56.067,,,,,
1187,6/5/2018 2:47,15.822,56.276,,,,,
1188,6/5/2018 2:52,16.061,56.347,,,,,
1189,6/5/2018 2:57,16.609,53.948,,,,,
1190,6/5/2018 3:02,16.966,52.085,,,,,
1191,6/5/2018 3:07,16.823,51.863,,,,,
1192,6/5/2018 3:12,16.966,51.518,,,,,
1193,6/5/2018 3:17,17.014,51.247,,,,,
1194,6/5/2018 3:22,17.061,51.076,,,,,
1195,6/5/2018 3:27,16.99,51.21,,,,,
1196,6/5/2018 3:32,16.775,51.832,,,,,
1197,6/5/2018 3:37,16.704,51.665,,,,,
1198,6/5/2018 3:42,16.895,52.069,,,,,
1199,6/5/2018 3:47,17.18,51.032,,,,,
1200,6/5/2018 3:52,17.537,49.933,,,,,
1201,6/5/2018 3:57,17.846,48.541,,,,,
1202,6/5/2018 4:02,17.965,47.661,,,,,
1203,6/5/2018 4:07,17.846,48.005,,,,,
1204,6/5/2018 4:12,17.561,48.967,,,,,
1205,6/5/2018 4:17,17.537,49.015,,,,,
1206,6/5/2018 4:22,17.418,49.132,,,,,
1207,6/5/2018 4:27,17.466,48.922,,,,,
1208,6/5/2018 4:32,17.608,48.855,,,,,
1209,6/5/2018 4:37,17.513,49.16,,,,,
1210,6/5/2018 4:42,17.608,48.896,,,,,
1211,6/5/2018 4:47,17.727,48.666,,,,,
1212,6/5/2018 4:52,17.18,49.457,,,,,
1213,6/5/2018 4:57,16.514,51.944,,,,,
1214,6/5/2018 5:02,16.085,53.634,,,,,
1215,6/5/2018 5:07,15.775,55.047,,,,,
1216,6/5/2018 5:12,15.655,56.445,,,,,
1217,6/5/2018 5:17,15.584,57.192,,,,,
1218,6/5/2018 5:22,15.44,57.906,,,,,
1219,6/5/2018 5:27,15.369,58.894,,,,,
1220,6/5/2018 5:32,15.297,59.796,,,,,
1221,6/5/2018 5:37,15.273,60.476,,,,,
1222,6/5/2018 5:42,15.225,60.83,,,,,
1223,6/5/2018 5:47,15.225,61.29,,,,,
1224,6/5/2018 5:52,15.13,61.267,,,,,
1225,6/5/2018 5:57,15.034,61.43,,,,,
1226,6/5/2018 6:02,15.034,62.072,,,,,
1227,6/5/2018 6:07,15.058,62.587,,,,,
1228,6/5/2018 6:12,15.225,62.843,,,,,
1229,6/5/2018 6:17,15.44,62.517,,,,,
1230,6/5/2018 6:22,15.608,61.548,,,,,
1231,6/5/2018 6:27,15.775,60.714,,,,,
1232,6/5/2018 6:32,16.132,59.337,,,,,
1233,6/5/2018 6:37,16.799,58.099,,,,,
1234,6/5/2018 6:42,17.585,55.667,,,,,
1235,6/5/2018 6:47,18.512,52.437,,,,,
1236,6/5/2018 6:52,19.297,49.113,,,,,
1237,6/5/2018 6:57,20.106,46.321,,,,,
1238,6/5/2018 7:02,20.773,43.214,,,,,
1239,6/5/2018 7:07,21.179,40.588,,,,,
1240,6/5/2018 7:12,21.704,39.086,,,,,
1241,6/5/2018 7:17,22.997,35.875,,,,,
1242,6/5/2018 7:22,23.429,34.588,,,,,
1243,6/5/2018 7:27,23.982,32.857,,,,,
1244,6/5/2018 7:32,24.441,32.457,,,,,
1245,6/5/2018 7:37,24.296,32.262,,,,,
1246,6/5/2018 7:42,24.417,32.29,,,,,
1247,6/5/2018 7:47,24.852,31.29,,,,,
1248,6/5/2018 7:52,25.336,30.893,,,,,
1249,6/5/2018 7:57,25.336,30.864,,,,,
1250,6/5/2018 8:02,26.188,29.414,,,,,
1251,6/5/2018 8:07,26.261,28.601,,,,,
1252,6/5/2018 8:12,26.921,28.52,,,,,
1253,6/5/2018 8:17,27.29,28.213,,,,,
1254,6/5/2018 8:22,27.044,28.021,,,,,
1255,6/5/2018 8:27,27.437,27.944,,,,,
1256,6/5/2018 8:32,27.265,28.939,,,,,
1257,6/5/2018 8:37,27.56,27.948,,,,,
1258,6/5/2018 8:42,28.351,27.518,,,,,
1259,6/5/2018 8:47,28.524,27.781,,,,,
1260,6/5/2018 8:52,28.549,27.077,,,,,
1261,6/5/2018 8:57,29.221,26.582,,,,,
1262,6/5/2018 9:02,28.847,27.601,,,,,
1263,6/5/2018 9:07,29.446,26.585,,,,,
1264,6/5/2018 9:12,29.371,27.097,,,,,
1265,6/5/2018 9:17,28.4,28.514,,,,,
1266,6/5/2018 9:22,28.252,29.282,,,,,
1267,6/5/2018 9:27,28.301,29.619,,,,,
1268,6/5/2018 9:32,28.475,29.002,,,,,
1269,6/5/2018 9:37,29.722,28.639,,,,,
1270,6/5/2018 9:42,29.371,27.119,,,,,
1271,6/5/2018 9:47,31.008,27.094,,,,,
1272,6/5/2018 9:52,31.722,24.881,,,,,
1273,6/5/2018 9:57,31.798,25.091,,,,,
1274,6/5/2018 10:02,31.237,25.131,,,,,
1275,6/5/2018 10:07,31.85,26.17,,,,,
1276,6/5/2018 10:12,32.003,25.978,,,,,
1277,6/5/2018 10:17,29.772,28.908,,,,,
1278,6/5/2018 10:22,31.543,25.59,,,,,
1279,6/5/2018 10:27,31.594,26.32,,,,,
1280,6/5/2018 10:32,31.824,24.694,,,,,
1281,6/5/2018 10:37,33.165,23.977,,,,,
1282,6/5/2018 10:42,33.243,23.71,,,,,
1283,6/5/2018 10:47,33.373,23.223,,,,,
1284,6/5/2018 10:52,33.556,23.875,,,,,
1285,6/5/2018 10:57,33.504,21.519,,,,,
1286,6/5/2018 11:02,33.66,22.24,,,,,
1287,6/5/2018 11:07,33.556,22.325,,,,,
1288,6/5/2018 11:12,32.802,26.266,,,,,
1289,6/5/2018 11:17,34.001,22.463,,,,,
1290,6/5/2018 11:22,34.158,20.123,,,,,
1291,6/5/2018 11:27,34.448,20.06,,,,,
1292,6/5/2018 11:32,35.084,19.285,,,,,
1293,6/5/2018 11:37,35.484,17.481,,,,,
1294,6/5/2018 11:42,35.324,17.367,,,,,
1295,6/5/2018 11:47,34.792,18.389,,,,,
1296,6/5/2018 11:52,35.537,19.637,,,,,
1297,6/5/2018 11:57,34.765,19.058,,,,,
1298,6/5/2018 12:02,34.951,19.199,,,,,
1299,6/5/2018 12:07,35.564,18.431,,,,,
1300,6/5/2018 12:12,33.948,23.129,,,,,
1301,6/5/2018 12:17,34.079,21.646,,,,,
1302,6/5/2018 12:22,35.217,18.087,,,,,
1303,6/5/2018 12:27,34.474,17.512,,,,,
1304,6/5/2018 12:32,33.791,20.902,,,,,
1305,6/5/2018 12:37,35.484,19.594,,,,,
1306,6/5/2018 12:42,36.969,15,,,,,
1307,6/5/2018 12:47,33.765,23.417,,,,,
1308,6/5/2018 12:52,33.321,23.99,,,,,
1309,6/5/2018 12:57,33.634,21.139,,,,,
1310,6/5/2018 13:02,34.369,22.01,,,,,
1311,6/5/2018 13:07,33.817,19.504,,,,,
1312,6/5/2018 13:12,33.504,20.214,,,,,
1313,6/5/2018 13:17,32.466,22.607,,,,,
1314,6/5/2018 13:22,34.027,20.182,,,,,
1315,6/5/2018 13:27,33.582,19.146,,,,,
1316,6/5/2018 13:32,34.871,16.756,,,,,
1317,6/5/2018 13:37,36.534,15.565,,,,,
1318,6/5/2018 13:42,34.633,20.044,,,,,
1319,6/5/2018 13:47,35.244,17.703,,,,,
1320,6/5/2018 13:52,35.457,19.256,,,,,
1321,6/5/2018 13:57,36.453,16.863,,,,,
1322,6/5/2018 14:02,35.832,15,,,,,
1323,6/5/2018 14:07,34.659,17.91,,,,,
1324,6/5/2018 14:12,34.132,19.432,,,,,
1325,6/5/2018 14:17,35.084,18.747,,,,,
1326,6/5/2018 14:22,34.395,20.645,,,,,
1327,6/5/2018 14:27,34.527,21.949,,,,,
1328,6/5/2018 14:32,34.027,19.014,,,,,
1329,6/5/2018 14:37,34.448,20.503,,,,,
1330,6/5/2018 14:42,33.843,22.608,,,,,
1331,6/5/2018 14:42,,,Logged,,,,
1332,6/5/2018 14:47,33.817,21.701,,,,,
1333,6/5/2018 14:52,33.922,21.241,,,,,
1334,6/5/2018 14:57,34.132,20.517,,,,,
1335,6/5/2018 15:02,34.132,20.265,,,,,
1336,6/5/2018 15:07,34.369,19.616,,,,,
1337,6/5/2018 15:12,34.527,17.586,,,,,
1338,6/5/2018 15:17,33.791,20.351,,,,,
1339,6/5/2018 15:22,33.556,19.699,,,,,
1340,6/5/2018 15:27,33.765,20.736,,,,,
1341,6/5/2018 15:32,34.079,19.457,,,,,
1342,6/5/2018 15:37,33.922,19.677,,,,,
1343,6/5/2018 15:42,34.686,19.82,,,,,
1344,6/5/2018 15:47,34.158,20.123,,,,,
1345,6/5/2018 15:52,34.079,19.677,,,,,
1346,6/5/2018 15:57,33.399,21.067,,,,,
1347,6/5/2018 16:02,33.556,20.517,,,,,
1348,6/5/2018 16:07,34.607,19.36,,,,,
1349,6/5/2018 16:12,34.527,18.164,,,,,
1350,6/5/2018 16:17,34.369,19.011,,,,,
1351,6/5/2018 16:22,34.501,17.991,,,,,
1352,6/5/2018 16:27,34.264,18.982,,,,,
1353,6/5/2018 16:32,35.297,18.804,,,,,
1354,6/5/2018 16:37,34.211,18.502,,,,,
1355,6/5/2018 16:42,34.027,17.848,,,,,
1356,6/5/2018 16:47,34.871,18.605,,,,,
1357,6/5/2018 16:52,34.633,17.631,,,,,
1358,6/5/2018 16:57,35.618,17.004,,,,,
1359,6/5/2018 17:02,34.237,18.126,,,,,
1360,6/5/2018 17:07,33.922,18.378,,,,,
1361,6/5/2018 17:12,33.739,19.311,,,,,
1362,6/5/2018 17:17,34.316,17.796,,,,,
1363,6/5/2018 17:22,33.896,17.611,,,,,
1364,6/5/2018 17:27,33.582,19.538,,,,,
1365,6/5/2018 17:32,33.556,18.65,,,,,
1366,6/5/2018 17:37,33.477,17.404,,,,,
1367,6/5/2018 17:42,33.582,19.385,,,,,
1368,6/5/2018 17:47,33.87,19.008,,,,,
1369,6/5/2018 17:52,34.053,19.002,,,,,
1370,6/5/2018 17:57,33.477,19.511,,,,,
1371,6/5/2018 18:02,34.053,19.543,,,,,
1372,6/5/2018 18:07,33.373,19.482,,,,,
1373,6/5/2018 18:12,33.217,19.781,,,,,
1374,6/5/2018 18:17,33.477,21.685,,,,,
1375,6/5/2018 18:22,32.906,20.798,,,,,
1376,6/5/2018 18:27,32.621,21.823,,,,,
1377,6/5/2018 18:32,32.621,21.771,,,,,
1378,6/5/2018 18:37,32.983,22.224,,,,,
1379,6/5/2018 18:42,32.518,22.116,,,,,
1380,6/5/2018 18:47,32.26,24.02,,,,,
1381,6/5/2018 18:52,31.926,23.743,,,,,
1382,6/5/2018 18:57,31.722,23.889,,,,,
1383,6/5/2018 19:02,31.773,24.391,,,,,
1384,6/5/2018 19:07,31.85,24.622,,,,,
1385,6/5/2018 19:12,31.568,24.932,,,,,
1386,6/5/2018 19:17,31.364,25.148,,,,,
1387,6/5/2018 19:22,31.441,25.983,,,,,
1388,6/5/2018 19:27,31.161,26.385,,,,,
1389,6/5/2018 19:32,30.907,26.759,,,,,
1390,6/5/2018 19:37,30.907,26.533,,,,,
1391,6/5/2018 19:42,30.552,26.779,,,,,
1392,6/5/2018 19:47,30.275,27.498,,,,,
1393,6/5/2018 19:52,30.149,28.217,,,,,
1394,6/5/2018 19:57,29.922,28.699,,,,,
1395,6/5/2018 20:02,29.722,28.988,,,,,
1396,6/5/2018 20:07,29.371,29.28,,,,,
1397,6/5/2018 20:12,29.171,29.778,,,,,
1398,6/5/2018 20:17,28.947,30.059,,,,,
1399,6/5/2018 20:22,28.798,30.059,,,,,
1400,6/5/2018 20:27,28.499,31.126,,,,,
1401,6/5/2018 20:32,28.227,31.44,,,,,
1402,6/5/2018 20:37,27.98,32.174,,,,,
1403,6/5/2018 20:42,27.856,32.243,,,,,
1404,6/5/2018 20:47,27.609,33.134,,,,,
1405,6/5/2018 20:52,27.265,33.925,,,,,
1406,6/5/2018 20:57,27.093,34.229,,,,,
1407,6/5/2018 21:02,27.118,34.115,,,,,
1408,6/5/2018 21:07,27.118,34.065,,,,,
1409,6/5/2018 21:12,27.093,34.043,,,,,
1410,6/5/2018 21:17,27.044,34.233,,,,,
1411,6/5/2018 21:22,26.848,34.86,,,,,
1412,6/5/2018 21:27,26.676,35.177,,,,,
1413,6/5/2018 21:32,26.774,34.946,,,,,
1414,6/5/2018 21:37,26.676,35.287,,,,,
1415,6/5/2018 21:42,26.432,35.955,,,,,
1416,6/5/2018 21:47,26.31,36.208,,,,,
1417,6/5/2018 21:52,26.237,36.298,,,,,
1418,6/5/2018 21:57,26.237,36.22,,,,,
1419,6/5/2018 22:02,26.042,36.908,,,,,
1420,6/5/2018 22:07,25.944,37.129,,,,,
1421,6/5/2018 22:12,25.725,37.473,,,,,
1422,6/5/2018 22:17,25.652,37.732,,,,,
1423,6/5/2018 22:22,25.603,38.232,,,,,
1424,6/5/2018 22:27,25.652,37.871,,,,,
1425,6/5/2018 22:32,25.701,38.035,,,,,
1426,6/5/2018 22:37,25.482,38.451,,,,,
1427,6/5/2018 22:42,25.531,38.365,,,,,
1428,6/5/2018 22:47,25.555,38.518,,,,,
1429,6/5/2018 22:52,25.336,38.984,,,,,
1430,6/5/2018 22:57,25.118,39.478,,,,,
1431,6/5/2018 23:02,25.07,39.656,,,,,
1432,6/5/2018 23:07,25.142,39.385,,,,,
1433,6/5/2018 23:12,25.07,39.508,,,,,
1434,6/5/2018 23:17,25.239,39.044,,,,,
1435,6/5/2018 23:22,25.191,38.995,,,,,
1436,6/5/2018 23:27,25.118,39.079,,,,,
1437,6/5/2018 23:32,24.973,39.489,,,,,
1438,6/5/2018 23:37,24.827,39.927,,,,,
1439,6/5/2018 23:42,24.634,40.561,,,,,
1440,6/5/2018 23:47,24.682,40.255,,,,,
1441,6/5/2018 23:52,24.417,40.916,,,,,
1442,6/5/2018 23:57,24.344,41.341,,,,,
1443,6/6/2018 0:02,,,Logged,,,,
1444,6/6/2018 0:07,,,,,,Logged,Logged
